group,distance_m,angle_deg,frequency_mhz,num_windows,angle_deg_median,angle_deg_mean,angle_deg_std,angle_deg_min,angle_deg_max,frequency_mhz_median,frequency_mhz_mean,frequency_mhz_std,frequency_mhz_min,frequency_mhz_max,pair13_power1_median,pair13_power1_mean,pair13_power1_std,pair13_power1_min,pair13_power1_max,pair13_power2_median,pair13_power2_mean,pair13_power2_std,pair13_power2_min,pair13_power2_max,pair13_power_diff_median,pair13_power_diff_mean,pair13_power_diff_std,pair13_power_diff_min,pair13_power_diff_max,pair13_power_ratio_median,pair13_power_ratio_mean,pair13_power_ratio_std,pair13_power_ratio_min,pair13_power_ratio_max,pair13_rssi1_median,pair13_rssi1_mean,pair13_rssi1_std,pair13_rssi1_min,pair13_rssi1_max,pair13_rssi2_median,pair13_rssi2_mean,pair13_rssi2_std,pair13_rssi2_min,pair13_rssi2_max,pair13_rssi_diff_median,pair13_rssi_diff_mean,pair13_rssi_diff_std,pair13_rssi_diff_min,pair13_rssi_diff_max,pair13_rssi_mean_median,pair13_rssi_mean_mean,pair13_rssi_mean_std,pair13_rssi_mean_min,pair13_rssi_mean_max,pair14_power1_median,pair14_power1_mean,pair14_power1_std,pair14_power1_min,pair14_power1_max,pair14_power2_median,pair14_power2_mean,pair14_power2_std,pair14_power2_min,pair14_power2_max,pair14_power_diff_median,pair14_power_diff_mean,pair14_power_diff_std,pair14_power_diff_min,pair14_power_diff_max,pair14_power_ratio_median,pair14_power_ratio_mean,pair14_power_ratio_std,pair14_power_ratio_min,pair14_power_ratio_max,pair14_rssi1_median,pair14_rssi1_mean,pair14_rssi1_std,pair14_rssi1_min,pair14_rssi1_max,pair14_rssi2_median,pair14_rssi2_mean,pair14_rssi2_std,pair14_rssi2_min,pair14_rssi2_max,pair14_rssi_diff_median,pair14_rssi_diff_mean,pair14_rssi_diff_std,pair14_rssi_diff_min,pair14_rssi_diff_max,pair14_rssi_mean_median,pair14_rssi_mean_mean,pair14_rssi_mean_std,pair14_rssi_mean_min,pair14_rssi_mean_max,pair23_power1_median,pair23_power1_mean,pair23_power1_std,pair23_power1_min,pair23_power1_max,pair23_power2_median,pair23_power2_mean,pair23_power2_std,pair23_power2_min,pair23_power2_max,pair23_power_diff_median,pair23_power_diff_mean,pair23_power_diff_std,pair23_power_diff_min,pair23_power_diff_max,pair23_power_ratio_median,pair23_power_ratio_mean,pair23_power_ratio_std,pair23_power_ratio_min,pair23_power_ratio_max,pair23_rssi1_median,pair23_rssi1_mean,pair23_rssi1_std,pair23_rssi1_min,pair23_rssi1_max,pair23_rssi2_median,pair23_rssi2_mean,pair23_rssi2_std,pair23_rssi2_min,pair23_rssi2_max,pair23_rssi_diff_median,pair23_rssi_diff_mean,pair23_rssi_diff_std,pair23_rssi_diff_min,pair23_rssi_diff_max,pair23_rssi_mean_median,pair23_rssi_mean_mean,pair23_rssi_mean_std,pair23_rssi_mean_min,pair23_rssi_mean_max,pair24_power1_median,pair24_power1_mean,pair24_power1_std,pair24_power1_min,pair24_power1_max,pair24_power2_median,pair24_power2_mean,pair24_power2_std,pair24_power2_min,pair24_power2_max,pair24_power_diff_median,pair24_power_diff_mean,pair24_power_diff_std,pair24_power_diff_min,pair24_power_diff_max,pair24_power_ratio_median,pair24_power_ratio_mean,pair24_power_ratio_std,pair24_power_ratio_min,pair24_power_ratio_max,pair24_rssi1_median,pair24_rssi1_mean,pair24_rssi1_std,pair24_rssi1_min,pair24_rssi1_max,pair24_rssi2_median,pair24_rssi2_mean,pair24_rssi2_std,pair24_rssi2_min,pair24_rssi2_max,pair24_rssi_diff_median,pair24_rssi_diff_mean,pair24_rssi_diff_std,pair24_rssi_diff_min,pair24_rssi_diff_max,pair24_rssi_mean_median,pair24_rssi_mean_mean,pair24_rssi_mean_std,pair24_rssi_mean_min,pair24_rssi_mean_max,RandomForest_distance_pred_m,RandomForest_abs_error_m,ExtraTrees_distance_pred_m,ExtraTrees_abs_error_m,XGBoost_distance_pred_m,XGBoost_abs_error_m,MLP_distance_pred_m,MLP_abs_error_m,SVM_distance_pred_m,SVM_abs_error_m
"(850.0, 1.0, -60.0)",1.0,-60.0,850.0,242,-60.0,-60.0,0.0,-60.0,-60.0,850.0,850.0,0.0,850.0,850.0,0.020975504,0.020879106268595043,0.004171948552097108,0.010294745,0.032081127,0.036150904,0.03616769772727273,0.00457383499468536,0.023860939,0.049848277,-0.0150425715,-0.015288591476859502,0.005133424424334721,-0.030911852,-0.0019762367,0.580654086032674,0.5822741589439818,0.11870481052616547,0.3020962796257577,0.9419732921894044,-16.78287679874842,-16.894622744836138,0.9126308608113505,-19.87384417071473,-14.937503812191276,-14.41881261060205,-14.452724645625704,0.5666648808316354,-16.223124722955042,-13.023498473623338,-2.3608266333126453,-2.4418980992104324,0.9136417460903198,-5.198546230820581,-0.2596141058976169,-15.630359455742486,-15.67367369523092,0.6068910755538073,-17.64019058002833,-14.373364630825405,0.0211528275,0.02731279054338843,0.019052658420171127,0.010409746,0.09445645,0.0412891815,0.046433705355371904,0.016871575356052968,0.014039672,0.11098321,-0.020074833,-0.01912091481033058,0.007789463176731607,-0.040222995,0.010517225,0.5239488590858792,0.5583376244390615,0.1660015677082475,0.2182456413407147,1.1252957092859346,-16.746317557814088,-16.252866890358284,2.0348365477972488,-19.82559853884512,-10.247683846397024,-13.841640015551423,-13.544244985971625,1.2770995226497492,-18.52643038828244,-9.54742726632798,-2.807111081288655,-2.7086219043866593,1.2321222832384415,-6.610544209426095,0.5126666292812914,-15.371868313576886,-14.898555938164952,1.5831109099771394,-19.17601446356377,-10.040504147812456,0.0274646615,0.043920863921487606,0.027461289768251445,0.017506495,0.10235621,0.035266947,0.05765033933471075,0.03505034379595774,0.023051886,0.13802071,-0.009931882999999999,-0.013729475459644628,0.013815196205298993,-0.06530185,0.014417008,0.7447584877968465,0.7662355051964465,0.14439975028370786,0.4258456990184367,1.2221478292037715,-15.612257700236352,-14.355195899857183,2.5373843080431144,-17.568007929672284,-9.898858018556432,-14.526321348181712,-13.122959636730782,2.447134296852171,-16.372935389218792,-8.600557454953682,-1.2798615933751947,-1.2322362631264039,0.8152400006555821,-3.707477346845838,0.8712374071107121,-15.163279607673191,-13.739077768293981,2.4591133833354593,-16.93312628250238,-9.621492996296066,0.0198599595,0.019965782427685954,0.003791935012465566,0.009445229,0.033176567,0.02786394,0.028246346863636366,0.004202758813145334,0.018273607,0.038972877,-0.007852425,-0.008280564404859504,0.0047588026850252044,-0.020416373,0.010344878,0.718441212035791,0.716562571258495,0.14626457039442195,0.3922481925835809,1.4530929613229822,-17.02022079254243,-17.0790609518304,0.859589123828265,-20.24787525831757,-14.79168550003928,-15.549575577723111,-15.539546317120642,0.6609343689172276,-17.38175721884908,-14.092375335253916,-1.4360912516954984,-1.539514634709758,0.9068380924582006,-4.064390488623968,1.62293399099935,-16.223885345268528,-16.309303634475523,0.6182839310758628,-18.41841843068918,-15.008833393969203,1.8257047619047624,0.8257047619047624,1.885,0.885,2.365233,1.3652329444885254,2.024579547242946,1.0245795472429462,1.9858259228200086,0.9858259228200086
"(850.0, 1.0, -45.0)",1.0,-45.0,850.0,214,-45.0,-45.0,0.0,-45.0,-45.0,850.0,850.0,0.0,850.0,850.0,0.0350956625,0.034236473467289724,0.0053479960161203575,0.01932332,0.045776773,0.047143534,0.04654437575700934,0.0073807001660258316,0.031324357,0.062332265,-0.012561338,-0.012307902363785046,0.00465663795001198,-0.02767688,0.00090694055,0.7394225319185738,0.7398117927644705,0.08028982875500226,0.5401748565079583,1.0252625481542617,-14.547466183995335,-14.712159426545215,0.7217638453598918,-17.139182720492194,-13.393548235273157,-13.265793172883225,-13.378033117183987,0.7119349817040518,-15.041178379106675,-12.052870910787906,-1.3110773387866947,-1.3341263093612246,0.47035975647886785,-2.6746563474828804,0.1083509331958278,-13.886174110710062,-14.045096271864601,0.6771910056938206,-16.008243504523218,-12.776630147382242,0.0626930675,0.059488488509345794,0.024314042225371705,0.013919451,0.121097244,0.0612038635,0.06166679678037383,0.016042137517110033,0.014394325,0.10389872,-0.00570234275,-0.0021783082832710276,0.015380458159583964,-0.037274007,0.050019633,0.9044343024450325,0.9457405112712666,0.2669606071309718,0.4785870368305236,1.8450600272344675,-12.027808049370623,-12.664402711766773,1.958667893922927,-18.563778849083885,-9.168657395060103,-12.132211626535597,-12.255026724283347,1.1956237784967165,-18.418086896973225,-9.83389807154864,-0.4362569739065183,-0.409375987483424,1.2058167054936648,-3.2003906898929984,2.6601050007770937,-12.057315738408882,-12.45971471802506,1.5064692454158233,-18.490932873028555,-9.800146435833897,0.034883304000000004,0.03537272814953271,0.0051620098147250855,0.024583634,0.04874496,0.0420503025,0.042238732985981305,0.003076046871041618,0.03625697,0.05067827,-0.0068184025,-0.006866004916448598,0.005707154110351677,-0.020219056,0.0060491636,0.837080015328612,0.8407168983143419,0.12905388101074952,0.5758315345769971,1.1429274832501075,-14.573832241921668,-14.559226728588392,0.6336613263711905,-16.09353918634572,-13.120702672177398,-13.762310559390581,-13.754269274500116,0.3146450906518208,-14.40608505038902,-12.951782035748057,-0.7723303101190773,-0.804957454088279,0.6728669233140928,-2.397045552833994,0.5801867605306956,-14.152027254063615,-14.156748001544253,0.3702386131704137,-15.240732174752315,-13.330380714811096,0.06429454700000001,0.062117453308411216,0.01006308254970983,0.033169016,0.08131773,0.043746301,0.04370500043925234,0.004354906333736368,0.031584468,0.0562611,0.0189097265,0.018412452841542054,0.008580893011648553,-0.004241921,0.034971237,1.4224463149017614,1.4224671543243856,0.199494477021663,0.9125691292014076,1.8155058983439776,-11.918273247373197,-12.130961280640223,0.7639597628764861,-14.79267408991837,-10.898147519486896,-13.59058717809448,-13.616425651772197,0.43754281778996396,-15.005264374204444,-12.497917818509308,1.530354558511064,1.4854643711319724,0.6362180051351642,-0.3973422681395604,2.589976642234129,-12.767309846596474,-12.873693466206209,0.5351128673769652,-14.898969232061408,-11.806973573180985,1.9032904761904765,0.9032904761904765,1.84,0.8400000000000001,1.9394033,0.9394032955169678,3.5005810458145388,2.5005810458145388,2.0576474296456264,1.0576474296456264
"(850.0, 1.0, -30.0)",1.0,-30.0,850.0,213,-30.0,-30.0,0.0,-30.0,-30.0,850.0,850.0,0.0,850.0,850.0,0.033863135,0.034966180131455395,0.0061505991266233425,0.02292623,0.05023821,0.042362265,0.04221653036150234,0.006443354097048942,0.02902938,0.057975825,-0.0066453386,-0.007250350077396245,0.01112428759004452,-0.028376728,0.012555547,0.8255019547725687,0.8602964738097127,0.24534408593373064,0.4830696767289612,1.3856164693666957,-14.702728420748606,-14.629244185322735,0.7551743547859655,-16.396673552792556,-12.9896583688806,-13.730208243773838,-13.795794852037234,0.6661242944259589,-15.371622316429118,-12.367530631798678,-0.8328189398686945,-0.833449333285502,1.260951696833397,-3.159902231913007,1.4164303671567158,-14.234610213532722,-14.212519518679983,0.3309156167948027,-14.99791094710443,-13.133977986963504,0.030657131,0.03042496838497653,0.005417397531613878,0.016771367,0.04420754,0.044670857,0.043942260854460104,0.007954233465355372,0.024644453,0.058770537,-0.013050862,-0.013517292550187795,0.008244582356212315,-0.034825854,0.005390033,0.7013492326464867,0.7098922121468838,0.15509214421870524,0.3630928304445813,1.1694293710184298,-15.134684871550048,-15.240750813585265,0.8146068217930921,-17.75431542133587,-13.545036572322182,-13.49975710844742,-13.646650218744853,0.8262823676743043,-16.082808154555813,-12.308403382293786,-1.5406567382167538,-1.5941005948404097,0.9736890404813788,-4.399823264689704,0.6797399725284539,-14.39185196172546,-14.443700516165059,0.6604133748889872,-16.50188469023091,-13.078941958717513,0.029581305,0.02949113121126761,0.0037532263156173093,0.017960632,0.03745715,0.043736372,0.04458584370892019,0.004629975865732002,0.03582745,0.06015575,-0.014351821,-0.015094712502816902,0.0056874964801810765,-0.033237867,-0.0032938905,0.6695722054442259,0.6670134071979107,0.10013240124400972,0.3872496788083058,0.9171529644014024,-15.28982675987904,-15.339722463646183,0.5731768264610945,-17.4567838007293,-14.26465275908851,-13.591572437760206,-13.53008692123671,0.4333371814890805,-14.457840958980505,-12.20722859105695,-1.7420258258802956,-1.809635542409472,0.6766863507302919,-4.120089337594132,-0.3755822587165784,-14.411651250361782,-14.434904692441448,0.3790518293192714,-15.733241517864924,-13.605046616060566,0.036337793,0.0352007359201878,0.0066524505124505254,0.017762661,0.051072277,0.043454945,0.043366726868544606,0.005615908877046179,0.031319268,0.05438707,-0.008605778,-0.008165990904305163,0.0060160173018168886,-0.023029283,0.009356987,0.799037529778835,0.8143028286041699,0.13743317815672376,0.5139844648767697,1.2863064806567737,-14.396414548922234,-14.619212054419243,0.8828750070143773,-17.504919730790704,-12.91814778079164,-13.619607945336917,-13.66581132316561,0.576281496960774,-15.041883962334282,-12.645043354310015,-0.9743282193320136,-0.9534007312536342,0.7323410119014098,-2.8905000728427126,1.0934445771204206,-13.980146879909642,-14.142511688792426,0.6493870043716599,-16.059669694369347,-13.080696128408963,1.4529999999999998,0.45299999999999985,1.4866666666666666,0.4866666666666666,1.9280787,0.9280786514282227,1.673141009312385,0.6731410093123851,1.7550198740902607,0.7550198740902607
"(850.0, 1.0, -15.0)",1.0,-15.0,850.0,202,-15.0,-15.0,0.0,-15.0,-15.0,850.0,850.0,0.0,850.0,850.0,0.0422372185,0.042091748549504954,0.005940927560920751,0.02161656,0.054033544,0.055993003,0.05559106206930694,0.004920431857904193,0.04190631,0.06666006,-0.014086444,-0.013499313587623763,0.005025199023020297,-0.0270742,-0.0015597194,0.7492321767297947,0.7572951101702514,0.08966797246606081,0.4439561033046021,0.9712761347587882,-13.74304696204532,-13.806242081726255,0.6706223689427336,-16.652134278297265,-12.673365473137268,-12.518663381148444,-12.567748581355534,0.3995562884887076,-13.777205954100497,-11.76134290131757,-1.2538358085727823,-1.2384935003707205,0.526368193148951,-3.526599691334124,-0.126572821814328,-13.11175365908689,-13.186995331540897,0.4852050350201393,-14.915405129583656,-12.392450808842316,0.034967482,0.03508547052970297,0.005887755329497699,0.019571843,0.052127518,0.047401953499999996,0.04859351303465347,0.006856662732215462,0.03537514,0.07119089,-0.0129363945,-0.013508042565643563,0.007267503991235542,-0.03218531,0.0047648624,0.7181528013394539,0.7299095118531483,0.12806792744867798,0.3829337030686515,1.11019604009248,-14.563357705746874,-14.610551082456704,0.7403221717237204,-17.083682849729218,-12.82932955074015,-13.242047465253679,-13.175392607826577,0.5940404356443167,-14.513018252397464,-11.475755553803753,-1.4378329836800425,-1.4351584746301254,0.7766808913227408,-4.168764084731745,0.4539967394251096,-13.904297496845302,-13.89297184514164,0.5474232154618911,-15.053100646227758,-12.358564047620227,0.033378951500000004,0.03356627982673267,0.004374125550650474,0.021811964,0.043485597,0.04506894,0.04533423410891089,0.00452714499122379,0.036307372,0.05817186,-0.012075876999999999,-0.01176795437757426,0.006253011427144017,-0.024694275,0.0025972798,0.7274808140824274,0.7475330016727245,0.12291280419823038,0.4927192533635951,1.0672091194101272,-14.76527593027047,-14.778507320118445,0.5765778348725998,-16.61305227947406,-13.616545654839207,-13.461230077027654,-13.45709551234527,0.4311118295447334,-14.40005183210532,-12.352870432209397,-1.381784558754874,-1.3214118077731758,0.7093038765870998,-3.074004670019475,0.2824952768923996,-14.070657161022062,-14.117801416231856,0.36520091358664375,-15.128679703681048,-13.424438556539098,0.045830077999999996,0.0463196494059406,0.003698345083086568,0.03893451,0.059323594,0.047605009000000004,0.04780693032673268,0.004935515313621649,0.036855686,0.0585288,-0.0014170688,-0.0014872808498168316,0.0055070244968227185,-0.014554914,0.011255231,0.9716435420330354,0.9776132396807655,0.11334804382651567,0.7327703353270274,1.2546927913817114,-13.388494088209578,-13.355822844333444,0.3413724268598315,-14.0966528437641,-12.267725461757026,-13.223473729041341,-13.228330467014457,0.4517656615560794,-14.33495495420808,-12.326303832460855,-0.12493038605923255,-0.12749237731898375,0.5055493717364942,-1.3503212047611086,0.9853740284559702,-13.280101785063746,-13.29207665567395,0.31051349660666194,-14.068806023073725,-12.548602081375837,1.3406000000000002,0.34060000000000024,1.3216666666666668,0.32166666666666677,1.8754663,0.8754663467407227,2.05306848446887,1.05306848446887,1.8775140396732553,0.8775140396732553
"(850.0, 1.0, 0.0)",1.0,0.0,850.0,250,0.0,0.0,0.0,0.0,0.0,850.0,850.0,0.0,850.0,850.0,0.0847865305,0.091977926408,0.01918399067759182,0.046890214,0.13796636,0.1092938725,0.112875179068,0.0150070042061019,0.04677755,0.14380626,-0.0205531905,-0.020897252643104,0.020255237356356627,-0.07055874,0.03275224,0.8122546342849877,0.8226889342690903,0.16670648922866635,0.509348620688793,1.3817760138049595,-10.716734679363217,-10.45239315113741,0.871875193563445,-13.289177843989703,-8.602267790992181,-9.614042878964572,-9.514405941821291,0.6056083355310625,-13.299625271181188,-8.422221968676673,-0.9030855087051224,-0.9379872093161195,0.8954978586743378,-2.929848655634244,1.4043764951658648,-10.084969653769498,-9.98339954647935,0.6024821996419629,-13.294401557585449,-8.637708189728695,0.093195165,0.09688089382,0.014899982750837983,0.07279667,0.1397365,0.1132202625,0.11420496932,0.010764648224675304,0.09313768,0.1396263,-0.020640962,-0.017324075338424002,0.015038149019690859,-0.04692804,0.014713809,0.8211773021963,0.8517539038059317,0.1244104186884138,0.625950014216963,1.134856160694248,-10.30607134723513,-10.18484842021208,0.6299967377000865,-11.378884711209691,-8.546901283270532,-9.460758428448813,-9.442325155855105,0.40888635460120626,-10.308745773406596,-8.550327878242896,-0.8556542176919244,-0.7425232643569766,0.6296024379087704,-2.034603463626798,0.5494081961636788,-9.90977556686723,-9.813586788033591,0.4277173865892534,-10.532141846274314,-8.7416580973597,0.100222805,0.09865357029200002,0.029069169810213125,0.011463165,0.15083249,0.10021402,0.102094529136,0.01412942109516789,0.022082588,0.13966516,-0.00726439805,-0.0034409585996360015,0.02943069950493394,-0.07170183,0.054781333,0.9276588206125274,0.973761663384209,0.28892765911901486,0.4544079017856132,1.5848145996323495,-9.990335373794444,-10.269831381800032,1.4243341969251582,-19.40695445575017,-8.215051018890902,-9.990715305477536,-9.957913043598491,0.6908916012319791,-16.55950036007143,-8.549119273296665,-0.3261289039268229,-0.311918338201542,1.3251621954238344,-3.425541251942482,1.999784633603733,-9.932444982285293,-10.113872212699262,0.9022282657656722,-17.9832274079108,-8.822081370825561,0.106145865,0.10779407746000001,0.011536849171340067,0.014362256,0.13193938,0.09390322000000001,0.10229809919999999,0.019247617115671866,0.013512385,0.14872855,0.0088467375,0.00549597844388,0.01685009299147658,-0.046274193,0.06381663,1.0924705511575834,1.0787616389342711,0.17252073286174058,0.6829370074406498,2.0683727805248897,-9.740971331167026,-9.712406874961463,0.6842005619824627,-18.427773351386392,-8.796255565728028,-10.273195104922507,-9.987277461263485,0.9308392711250614,-18.69267986645761,-8.276056576236561,0.38409722999592777,0.27487058630202194,0.6908466016665662,-1.6561935280270903,3.156288138910046,-9.962597196346188,-9.849842168112474,0.7402559166155415,-18.560226608922,-8.768740090723878,1.585880952380952,0.5858809523809521,1.255,0.2549999999999999,1.1122164,0.11221635341644287,0.6033232994431653,0.3966767005568347,1.9988329678571923,0.9988329678571923
"(850.0, 1.0, 15.0)",1.0,15.0,850.0,202,15.0,15.0,0.0,15.0,15.0,850.0,850.0,0.0,850.0,850.0,0.0422372185,0.042091748549504954,0.005940927560920751,0.02161656,0.054033544,0.055993003,0.05559106206930694,0.004920431857904193,0.04190631,0.06666006,-0.014086444,-0.013499313587623763,0.005025199023020297,-0.0270742,-0.0015597194,0.7492321767297947,0.7572951101702514,0.08966797246606081,0.4439561033046021,0.9712761347587882,-13.74304696204532,-13.806242081726255,0.6706223689427336,-16.652134278297265,-12.673365473137268,-12.518663381148444,-12.567748581355534,0.3995562884887076,-13.777205954100497,-11.76134290131757,-1.2538358085727823,-1.2384935003707205,0.526368193148951,-3.526599691334124,-0.126572821814328,-13.11175365908689,-13.186995331540897,0.4852050350201393,-14.915405129583656,-12.392450808842316,0.034967482,0.03508547052970297,0.005887755329497699,0.019571843,0.052127518,0.047401953499999996,0.04859351303465347,0.006856662732215462,0.03537514,0.07119089,-0.0129363945,-0.013508042565643563,0.007267503991235542,-0.03218531,0.0047648624,0.7181528013394539,0.7299095118531483,0.12806792744867798,0.3829337030686515,1.11019604009248,-14.563357705746874,-14.610551082456704,0.7403221717237204,-17.083682849729218,-12.82932955074015,-13.242047465253679,-13.175392607826577,0.5940404356443167,-14.513018252397464,-11.475755553803753,-1.4378329836800425,-1.4351584746301254,0.7766808913227408,-4.168764084731745,0.4539967394251096,-13.904297496845302,-13.89297184514164,0.5474232154618911,-15.053100646227758,-12.358564047620227,0.033378951500000004,0.03356627982673267,0.004374125550650474,0.021811964,0.043485597,0.04506894,0.04533423410891089,0.00452714499122379,0.036307372,0.05817186,-0.012075876999999999,-0.01176795437757426,0.006253011427144017,-0.024694275,0.0025972798,0.7274808140824274,0.7475330016727245,0.12291280419823038,0.4927192533635951,1.0672091194101272,-14.76527593027047,-14.778507320118445,0.5765778348725998,-16.61305227947406,-13.616545654839207,-13.461230077027654,-13.45709551234527,0.4311118295447334,-14.40005183210532,-12.352870432209397,-1.381784558754874,-1.3214118077731758,0.7093038765870998,-3.074004670019475,0.2824952768923996,-14.070657161022062,-14.117801416231856,0.36520091358664375,-15.128679703681048,-13.424438556539098,0.045830077999999996,0.0463196494059406,0.003698345083086568,0.03893451,0.059323594,0.047605009000000004,0.04780693032673268,0.004935515313621649,0.036855686,0.0585288,-0.0014170688,-0.0014872808498168316,0.0055070244968227185,-0.014554914,0.011255231,0.9716435420330354,0.9776132396807655,0.11334804382651567,0.7327703353270274,1.2546927913817114,-13.388494088209578,-13.355822844333444,0.3413724268598315,-14.0966528437641,-12.267725461757026,-13.223473729041341,-13.228330467014457,0.4517656615560794,-14.33495495420808,-12.326303832460855,-0.12493038605923255,-0.12749237731898375,0.5055493717364942,-1.3503212047611086,0.9853740284559702,-13.280101785063746,-13.29207665567395,0.31051349660666194,-14.068806023073725,-12.548602081375837,1.3406000000000002,0.34060000000000024,1.3216666666666668,0.32166666666666677,1.8754663,0.8754663467407227,2.0860967377494806,1.0860967377494806,1.8775601476805353,0.8775601476805353
"(850.0, 1.0, 30.0)",1.0,30.0,850.0,213,30.0,30.0,0.0,30.0,30.0,850.0,850.0,0.0,850.0,850.0,0.033863135,0.034966180131455395,0.0061505991266233425,0.02292623,0.05023821,0.042362265,0.04221653036150234,0.006443354097048942,0.02902938,0.057975825,-0.0066453386,-0.007250350077396245,0.01112428759004452,-0.028376728,0.012555547,0.8255019547725687,0.8602964738097127,0.24534408593373064,0.4830696767289612,1.3856164693666957,-14.702728420748606,-14.629244185322735,0.7551743547859655,-16.396673552792556,-12.9896583688806,-13.730208243773838,-13.795794852037234,0.6661242944259589,-15.371622316429118,-12.367530631798678,-0.8328189398686945,-0.833449333285502,1.260951696833397,-3.159902231913007,1.4164303671567158,-14.234610213532722,-14.212519518679983,0.3309156167948027,-14.99791094710443,-13.133977986963504,0.030657131,0.03042496838497653,0.005417397531613878,0.016771367,0.04420754,0.044670857,0.043942260854460104,0.007954233465355372,0.024644453,0.058770537,-0.013050862,-0.013517292550187795,0.008244582356212315,-0.034825854,0.005390033,0.7013492326464867,0.7098922121468838,0.15509214421870524,0.3630928304445813,1.1694293710184298,-15.134684871550048,-15.240750813585265,0.8146068217930921,-17.75431542133587,-13.545036572322182,-13.49975710844742,-13.646650218744853,0.8262823676743043,-16.082808154555813,-12.308403382293786,-1.5406567382167538,-1.5941005948404097,0.9736890404813788,-4.399823264689704,0.6797399725284539,-14.39185196172546,-14.443700516165059,0.6604133748889872,-16.50188469023091,-13.078941958717513,0.029581305,0.02949113121126761,0.0037532263156173093,0.017960632,0.03745715,0.043736372,0.04458584370892019,0.004629975865732002,0.03582745,0.06015575,-0.014351821,-0.015094712502816902,0.0056874964801810765,-0.033237867,-0.0032938905,0.6695722054442259,0.6670134071979107,0.10013240124400972,0.3872496788083058,0.9171529644014024,-15.28982675987904,-15.339722463646183,0.5731768264610945,-17.4567838007293,-14.26465275908851,-13.591572437760206,-13.53008692123671,0.4333371814890805,-14.457840958980505,-12.20722859105695,-1.7420258258802956,-1.809635542409472,0.6766863507302919,-4.120089337594132,-0.3755822587165784,-14.411651250361782,-14.434904692441448,0.3790518293192714,-15.733241517864924,-13.605046616060566,0.036337793,0.0352007359201878,0.0066524505124505254,0.017762661,0.051072277,0.043454945,0.043366726868544606,0.005615908877046179,0.031319268,0.05438707,-0.008605778,-0.008165990904305163,0.0060160173018168886,-0.023029283,0.009356987,0.799037529778835,0.8143028286041699,0.13743317815672376,0.5139844648767697,1.2863064806567737,-14.396414548922234,-14.619212054419243,0.8828750070143773,-17.504919730790704,-12.91814778079164,-13.619607945336917,-13.66581132316561,0.576281496960774,-15.041883962334282,-12.645043354310015,-0.9743282193320136,-0.9534007312536342,0.7323410119014098,-2.8905000728427126,1.0934445771204206,-13.980146879909642,-14.142511688792426,0.6493870043716599,-16.059669694369347,-13.080696128408963,1.4514999999999998,0.4514999999999998,1.4866666666666666,0.4866666666666666,1.9279168,0.9279167652130127,1.6016778512641818,0.6016778512641818,1.7551274456836616,0.7551274456836616
"(850.0, 1.0, 45.0)",1.0,45.0,850.0,214,45.0,45.0,0.0,45.0,45.0,850.0,850.0,0.0,850.0,850.0,0.0350956625,0.034236473467289724,0.0053479960161203575,0.01932332,0.045776773,0.047143534,0.04654437575700934,0.0073807001660258316,0.031324357,0.062332265,-0.012561338,-0.012307902363785046,0.00465663795001198,-0.02767688,0.00090694055,0.7394225319185738,0.7398117927644705,0.08028982875500226,0.5401748565079583,1.0252625481542617,-14.547466183995335,-14.712159426545215,0.7217638453598918,-17.139182720492194,-13.393548235273157,-13.265793172883225,-13.378033117183987,0.7119349817040518,-15.041178379106675,-12.052870910787906,-1.3110773387866947,-1.3341263093612246,0.47035975647886785,-2.6746563474828804,0.1083509331958278,-13.886174110710062,-14.045096271864601,0.6771910056938206,-16.008243504523218,-12.776630147382242,0.0626930675,0.059488488509345794,0.024314042225371705,0.013919451,0.121097244,0.0612038635,0.06166679678037383,0.016042137517110033,0.014394325,0.10389872,-0.00570234275,-0.0021783082832710276,0.015380458159583964,-0.037274007,0.050019633,0.9044343024450325,0.9457405112712666,0.2669606071309718,0.4785870368305236,1.8450600272344675,-12.027808049370623,-12.664402711766773,1.958667893922927,-18.563778849083885,-9.168657395060103,-12.132211626535597,-12.255026724283347,1.1956237784967165,-18.418086896973225,-9.83389807154864,-0.4362569739065183,-0.409375987483424,1.2058167054936648,-3.2003906898929984,2.6601050007770937,-12.057315738408882,-12.45971471802506,1.5064692454158233,-18.490932873028555,-9.800146435833897,0.034883304000000004,0.03537272814953271,0.0051620098147250855,0.024583634,0.04874496,0.0420503025,0.042238732985981305,0.003076046871041618,0.03625697,0.05067827,-0.0068184025,-0.006866004916448598,0.005707154110351677,-0.020219056,0.0060491636,0.837080015328612,0.8407168983143419,0.12905388101074952,0.5758315345769971,1.1429274832501075,-14.573832241921668,-14.559226728588392,0.6336613263711905,-16.09353918634572,-13.120702672177398,-13.762310559390581,-13.754269274500116,0.3146450906518208,-14.40608505038902,-12.951782035748057,-0.7723303101190773,-0.804957454088279,0.6728669233140928,-2.397045552833994,0.5801867605306956,-14.152027254063615,-14.156748001544253,0.3702386131704137,-15.240732174752315,-13.330380714811096,0.06429454700000001,0.062117453308411216,0.01006308254970983,0.033169016,0.08131773,0.043746301,0.04370500043925234,0.004354906333736368,0.031584468,0.0562611,0.0189097265,0.018412452841542054,0.008580893011648553,-0.004241921,0.034971237,1.4224463149017614,1.4224671543243856,0.199494477021663,0.9125691292014076,1.8155058983439776,-11.918273247373197,-12.130961280640223,0.7639597628764861,-14.79267408991837,-10.898147519486896,-13.59058717809448,-13.616425651772197,0.43754281778996396,-15.005264374204444,-12.497917818509308,1.530354558511064,1.4854643711319724,0.6362180051351642,-0.3973422681395604,2.589976642234129,-12.767309846596474,-12.873693466206209,0.5351128673769652,-14.898969232061408,-11.806973573180985,1.9031238095238097,0.9031238095238097,1.84,0.8400000000000001,1.9393187,0.9393186569213867,3.261278607776386,2.261278607776386,2.057682837226273,1.057682837226273
"(850.0, 1.0, 60.0)",1.0,60.0,850.0,242,60.0,60.0,0.0,60.0,60.0,850.0,850.0,0.0,850.0,850.0,0.020975504,0.020879106268595043,0.004171948552097108,0.010294745,0.032081127,0.036150904,0.03616769772727273,0.00457383499468536,0.023860939,0.049848277,-0.0150425715,-0.015288591476859502,0.005133424424334721,-0.030911852,-0.0019762367,0.580654086032674,0.5822741589439818,0.11870481052616547,0.3020962796257577,0.9419732921894044,-16.78287679874842,-16.894622744836138,0.9126308608113505,-19.87384417071473,-14.937503812191276,-14.41881261060205,-14.452724645625704,0.5666648808316354,-16.223124722955042,-13.023498473623338,-2.3608266333126453,-2.4418980992104324,0.9136417460903198,-5.198546230820581,-0.2596141058976169,-15.630359455742486,-15.67367369523092,0.6068910755538073,-17.64019058002833,-14.373364630825405,0.0211528275,0.02731279054338843,0.019052658420171127,0.010409746,0.09445645,0.0412891815,0.046433705355371904,0.016871575356052968,0.014039672,0.11098321,-0.020074833,-0.01912091481033058,0.007789463176731607,-0.040222995,0.010517225,0.5239488590858792,0.5583376244390615,0.1660015677082475,0.2182456413407147,1.1252957092859346,-16.746317557814088,-16.252866890358284,2.0348365477972488,-19.82559853884512,-10.247683846397024,-13.841640015551423,-13.544244985971625,1.2770995226497492,-18.52643038828244,-9.54742726632798,-2.807111081288655,-2.7086219043866593,1.2321222832384415,-6.610544209426095,0.5126666292812914,-15.371868313576886,-14.898555938164952,1.5831109099771394,-19.17601446356377,-10.040504147812456,0.0274646615,0.043920863921487606,0.027461289768251445,0.017506495,0.10235621,0.035266947,0.05765033933471075,0.03505034379595774,0.023051886,0.13802071,-0.009931882999999999,-0.013729475459644628,0.013815196205298993,-0.06530185,0.014417008,0.7447584877968465,0.7662355051964465,0.14439975028370786,0.4258456990184367,1.2221478292037715,-15.612257700236352,-14.355195899857183,2.5373843080431144,-17.568007929672284,-9.898858018556432,-14.526321348181712,-13.122959636730782,2.447134296852171,-16.372935389218792,-8.600557454953682,-1.2798615933751947,-1.2322362631264039,0.8152400006555821,-3.707477346845838,0.8712374071107121,-15.163279607673191,-13.739077768293981,2.4591133833354593,-16.93312628250238,-9.621492996296066,0.0198599595,0.019965782427685954,0.003791935012465566,0.009445229,0.033176567,0.02786394,0.028246346863636366,0.004202758813145334,0.018273607,0.038972877,-0.007852425,-0.008280564404859504,0.0047588026850252044,-0.020416373,0.010344878,0.718441212035791,0.716562571258495,0.14626457039442195,0.3922481925835809,1.4530929613229822,-17.02022079254243,-17.0790609518304,0.859589123828265,-20.24787525831757,-14.79168550003928,-15.549575577723111,-15.539546317120642,0.6609343689172276,-17.38175721884908,-14.092375335253916,-1.4360912516954984,-1.539514634709758,0.9068380924582006,-4.064390488623968,1.62293399099935,-16.223885345268528,-16.309303634475523,0.6182839310758628,-18.41841843068918,-15.008833393969203,1.8255380952380957,0.8255380952380957,1.885,0.885,2.3651483,1.3651483058929443,2.319276081000535,1.319276081000535,1.9858529865612042,0.9858529865612042
"(850.0, 2.0, -60.0)",2.0,-60.0,850.0,195,-60.0,-60.0,0.0,-60.0,-60.0,850.0,850.0,0.0,850.0,850.0,0.023620425,0.023851233623076923,0.004303136655333925,0.0134183075,0.039674707,0.030640908,0.031195052210256407,0.004715965542535356,0.020263812,0.04690421,-0.007255392,-0.007343818553748718,0.0050596034879414505,-0.017571714,0.005804304,0.7636355172223513,0.7742346183845336,0.14733504633954791,0.4642695479218724,1.247640625945239,-16.267122962368564,-16.296003045147113,0.7945611258158727,-18.723022589220896,-14.014862744993472,-15.136983750047172,-15.106793992942848,0.6409022922588328,-16.932788615408793,-13.287881743706407,-1.1711388045333315,-1.1892090522042627,0.8269860168829347,-3.3322980134057527,0.960895079238444,-15.752387570360284,-15.701398519044979,0.5916629931052232,-17.392692541125662,-13.965988137851152,0.027150385,0.02781328742564103,0.005076419393869067,0.016814273,0.042642627,0.026562052,0.026304947266666663,0.004276692670521472,0.013306364,0.039522924,0.0010241456,0.0015083401641641026,0.005611129497776415,-0.01354013,0.016586686,1.0386300535200748,1.0792369379923514,0.2374689344642144,0.6167320990993391,2.0681883589811654,-15.66224006291148,-15.62720229257549,0.7777162107935857,-17.743219093960324,-13.701560493281113,-15.757383799028142,-15.85915986795844,0.7315661397275273,-18.75940586812684,-14.031509379191595,0.1646088508570766,0.2319575753829495,0.924592861123766,-2.0990344720978573,3.1559008934142536,-15.745553504641547,-15.743181080266964,0.5969068360751334,-17.232836433210437,-14.30090176489506,0.03320352,0.04216500941538461,0.021849350598526367,0.012609318,0.10584906,0.029573765,0.04195030922051282,0.028818654717894004,0.011364064,0.12343722,0.0005986206,0.0002147002568717948,0.01705546399229957,-0.05917475,0.059965886,1.0205940801446605,1.1675775035957077,0.6306054584416879,0.4728354818721214,6.276799405056759,-14.78815874603158,-14.260127498287016,2.0551932782239413,-18.99308405923884,-9.753130049259765,-15.290933875481992,-14.536822573613959,2.401968167353492,-19.44466322194978,-9.085538735666049,0.0885304493717438,0.27669507532694404,1.7320813956799617,-3.252899411644176,7.977382496271694,-15.287555916331112,-14.39847503595049,2.0607301506026983,-18.391015337013744,-9.7968280520282,0.016298022,0.01600256003333333,0.0038362804559296136,0.00744763,0.025911,0.02272426,0.022893529143589747,0.0036940953236131,0.013508911,0.033011403,-0.007061083,-0.00689096910753846,0.0042422678444423816,-0.01988563,0.0034316722,0.6950848794276728,0.7071291979158463,0.1671777340110376,0.3398963568327505,1.1917852837766352,-17.87865097040084,-18.088043001883054,1.0822600808486362,-21.279818975451672,-15.86515831935769,-16.435102571490976,-16.459375279311246,0.7048373028676881,-18.6937965165113,-14.813360184044711,-1.5796215881495217,-1.6286677225718085,1.0507230051180132,-4.686534903039419,0.7619801845259673,-17.252059414833113,-17.273709140597152,0.7470184366433602,-19.133167423187068,-15.762875129110649,2.3019523809523803,0.3019523809523803,2.3633333333333333,0.3633333333333333,2.044371,0.04437088966369629,2.4010552228849065,0.40105522288490647,2.1676261582131406,0.16762615821314064
"(850.0, 2.0, -45.0)",2.0,-45.0,850.0,227,-45.0,-45.0,0.0,-45.0,-45.0,850.0,850.0,0.0,850.0,850.0,0.031137252,0.036439998440528636,0.017252131497403116,0.017457053,0.10937431,0.03258948,0.03783892889867841,0.0192668145771149,0.016604606,0.12259321,-0.0005998574,-0.0013989304515066078,0.008284939669215844,-0.03935784,0.041509494,0.9823838050075724,0.9865637619795403,0.18784560773074027,0.5044080678434976,1.61164972544084,-15.067197153099489,-14.70817129442771,1.5367227139909347,-17.58029067907845,-9.610846852830075,-14.869225653560608,-14.568977234705923,1.5592574538060056,-17.797714233850332,-9.115335861882116,-0.0771880565207983,-0.13919405972178803,0.8464578214714211,-2.9721797562206724,2.0727065854124227,-15.075548467399251,-14.638574264566817,1.4890525654220843,-17.68900245646439,-9.84357953976696,0.022849197,0.02343654156828194,0.0054249093146491725,0.012416637,0.044634335,0.039710823,0.04141826267400881,0.006679028430827629,0.028937876,0.058226123,-0.017686216,-0.017981721132158592,0.00512298876571287,-0.035483785,-0.006318439,0.5613588848865804,0.5668448023235557,0.09666936561654127,0.3367705098690893,0.825682697012084,-16.411290661292405,-16.41180801955881,0.9789493920310804,-19.059960302397844,-13.503309338183822,-14.01091107269966,-13.882856717800133,0.6876417790389625,-15.3853334527584,-12.348821231485834,-2.5075939916153374,-2.528951301758675,0.7496033681884672,-4.726659455316447,-0.8318681636421417,-15.18513419190646,-15.147332368679471,0.7583668385544501,-17.04067452822413,-13.081935817112548,0.030477915,0.04577533251629956,0.028551194338460713,0.0033064522,0.12136945,0.038526893,0.05034615982819383,0.023589085148265375,0.002942015,0.11419466,-0.0055419896,-0.0045708271818326,0.013154713470084392,-0.056436814,0.060271777,0.8492372733128862,0.8769432297279492,0.2331000716732808,0.3716850711382719,1.9864823518455863,-15.160147470521345,-14.123102995440952,2.4541692268258513,-24.80637753178714,-9.158906115120534,-14.142360170371193,-13.41177656701279,1.9534652836834352,-25.313551243797225,-9.423541989576194,-0.7097095273932901,-0.7113264284281613,1.0993593928099463,-4.2982488211886825,2.980847110863147,-14.777200701631084,-13.767439781226871,2.148799393984426,-25.05996438779218,-9.68452074209362,0.029083397,0.02974939930396476,0.00472718028322267,0.020651553,0.04212587,0.0335795,0.034324278665198237,0.005237777957366518,0.022910155,0.050514013,-0.004223518,-0.004574879399220264,0.005984270809684146,-0.022704255,0.012329895,0.8739816892270506,0.880997221110986,0.16384856096651143,0.4960536810398286,1.501390275989978,-15.363548647798089,-15.319058290735567,0.6841345514719559,-16.85047287401532,-13.754511215156054,-14.739257938171315,-14.694137948320446,0.6622456020137266,-16.39971965789703,-12.965881319733976,-0.5849766615039673,-0.6249203424151234,0.8106435578557518,-3.0447132325268367,1.7649359876900412,-15.058616418171283,-15.006598119528006,0.537604795810892,-16.390541167664388,-13.529925519457027,1.847304761904762,0.152695238095238,1.785,0.21500000000000008,1.4169399,0.5830601453781128,1.6730172968772055,0.32698270312279454,1.6204855620911516,0.3795144379088484
"(850.0, 2.0, -30.0)",2.0,-30.0,850.0,224,-30.0,-30.0,0.0,-30.0,-30.0,850.0,850.0,0.0,850.0,850.0,0.0236849385,0.02357303566294643,0.0034525127214464703,0.012081752,0.032424122,0.026306143,0.02666916611160714,0.005396149337199433,0.013388254,0.040611565,-0.00325118655,-0.003096130460987946,0.005766429730433388,-0.016696181,0.011171805,0.8786917178388944,0.9171911677091558,0.21960564184295273,0.525600431229162,1.657333553157388,-16.255277411361746,-16.3253426117445,0.6710836571052905,-19.178700975474555,-14.891317738862083,-15.799429015484137,-15.831209963773386,0.9038175739765174,-18.732760649931368,-13.91350273073243,-0.5616677868817783,-0.49413264797111517,1.0129017002500202,-2.7934428709871657,2.194099228689637,-16.04455390386122,-16.078276287758943,0.6141068940656494,-17.983714483348777,-14.743931922827665,0.0301114225,0.03421722808928571,0.0157231825375052,0.005084092,0.10610036,0.026693858,0.03244080705044643,0.018034757659325072,0.0061948923,0.10020727,0.0024667289000000004,0.001776420940080357,0.007772180055240774,-0.036619626,0.023788065,1.0838488909650965,1.106312748583624,0.24843297805821513,0.581662637629668,1.9214138868909345,-15.212687831486987,-14.988562758880931,1.611681729877452,-22.93786616416712,-9.742831504291212,-15.735910120183192,-15.318844201356105,1.7574874271585188,-22.079662367250176,-9.99100772921995,0.3496871426554406,0.33028144247517593,0.9776824827969021,-2.3532883165879284,2.836209252231328,-15.550348651591477,-15.153703480118518,1.6137454161758433,-22.50876426570865,-9.86691961675558,0.028121679,0.027881569482142855,0.004275421267970238,0.01836605,0.038746398,0.034424778,0.03469984040625,0.004547122528468217,0.024014536,0.04674131,-0.00641077385,-0.00681827094934375,0.006417424455795644,-0.025774892,0.011461165,0.8093178806690376,0.8186635542608434,0.17444292813031348,0.4171179037735454,1.4698688052345066,-15.509587566594734,-15.599773480252813,0.6879531682965601,-17.35984238251648,-14.117686654430662,-14.631289737479374,-14.634162885508918,0.5738536144412358,-16.19525794934376,-13.302991152548795,-0.918812617043268,-0.9656105947438974,0.9199723437641778,-3.797411686940819,1.6727857305592655,-15.080004582467392,-15.116968182880866,0.4355530828332347,-16.301511941570382,-14.162610224301703,0.028888081000000003,0.02897822057142857,0.004749636226595875,0.019276183,0.045193378,0.024710321,0.024900849912946426,0.003803541925544712,0.0149278045,0.035236444,0.0041561248,0.004077370658540178,0.005105709922096211,-0.007704474,0.0216871,1.1661468701562827,1.1841136159228822,0.23372639457122088,0.7323353793448658,2.0126394844351783,-15.392813794459485,-15.43690487397782,0.7097937399344154,-17.149789570985455,-13.449251970350854,-16.07121849330611,-16.08985926715607,0.6805564238096655,-18.26004062081957,-14.530079222756234,0.667531298993449,0.6529543931782503,0.8363213023728707,-1.3528998443597864,3.037659885423229,-15.805709365635568,-15.763382070566946,0.5555391700129513,-16.980106186017657,-14.392181897738752,2.4749785714285717,0.4749785714285717,2.2716666666666665,0.2716666666666665,2.876114,0.8761138916015625,3.7965187664279196,1.7965187664279196,2.1589234367487724,0.1589234367487724
"(850.0, 2.0, -15.0)",2.0,-15.0,850.0,250,-15.0,-15.0,0.0,-15.0,-15.0,850.0,850.0,0.0,850.0,850.0,0.026719656,0.03307290227,0.01744155653644679,0.0076565715,0.10143992,0.0266428535,0.033561592163999995,0.019714525946802827,0.009110383,0.113145545,-0.000188490375,-0.0004886898868799999,0.008866735185830213,-0.04030881,0.036365315,0.9935340832343,1.02354492075148,0.20245018095512815,0.5520270350686838,1.874620343239643,-15.731696185817185,-15.207638429496681,1.7088874892615933,-21.15965659994033,-9.93791088912253,-15.744194015871182,-15.226976617600375,1.8553614484096588,-20.404633764117705,-9.46362540827944,-0.0281735013698023,0.019338188103691506,0.84172075155942,-2.58039652526128,2.7291332566109503,-15.789206396524364,-15.217307523548525,1.7332650754279775,-20.78214518202902,-10.08028143154608,0.0256480065,0.0254748807,0.00505842530938466,0.010920467,0.04129356,0.0265643655,0.02670053982,0.004643530479488828,0.013657949,0.038306274,-0.000922578385,-0.0012256591074384,0.005586872656856244,-0.016924199,0.013978614,0.9608488079357349,0.9724238586148861,0.20816844898784304,0.4509307094285404,1.545757353057819,-15.90946491522967,-16.028577390012046,0.9014152280817491,-19.61758794898334,-13.841176587686938,-15.75700569162433,-15.80395573864539,0.7912288796148751,-18.64614515390361,-14.167300946362538,-0.17345295968077318,-0.2246216513666531,0.9650959193290134,-3.4589018719174724,1.891413210947663,-15.79894895022044,-15.916266564328716,0.6974551908909722,-18.34432549802317,-14.489166447335109,0.024798645,0.025111973252000003,0.00412219392218437,0.015653927,0.035895057,0.030856573999999998,0.031460331836,0.004412401322007988,0.022524247,0.042759217,-0.0060641550999999995,-0.006348358582255999,0.005648457498578981,-0.019207265,0.008629827,0.8016380289782776,0.8115050988649654,0.1639216301417421,0.4653267222431186,1.3452699331033149,-16.05572235034861,-16.060665231868022,0.7263281347441154,-18.05376699110355,-14.44965352401844,-15.106525151953326,-15.065305412506325,0.6139613327771081,-16.47349719871181,-13.689702528427825,-0.9602173684286059,-0.9953598193616985,0.8813380061063121,-3.322420065639122,1.2880943579752575,-15.529768855751932,-15.562985322187172,0.5079974099159288,-16.772067852928153,-14.500183999850046,0.026076631,0.025982880796000002,0.004688392313050623,0.01570906,0.039885834,0.028691124499999998,0.028834825936,0.0033288174233479504,0.02060901,0.037992544,-0.0028511453499999997,-0.002851945164388,0.005583195104373552,-0.017206639,0.015011825,0.9028916627585519,0.912706074091783,0.1969597247573656,0.4987599961699075,1.6456448795917835,-15.837485303469446,-15.925242355484206,0.8002263035973981,-18.03849820497701,-13.99181324078996,-15.422524575917054,-15.429960167824378,0.5061822896601949,-16.859428697768443,-14.203016194836412,-0.4436473856094922,-0.4952821876598256,0.927673617474593,-3.021083870433859,2.163361228237365,-15.657434795452648,-15.677601261654294,0.48285270893699755,-16.98126015394936,-14.230203185093616,2.0366904761904765,0.036690476190476495,2.035,0.03500000000000014,1.5675857,0.43241429328918457,2.0181171999441316,0.018117199944131634,1.7486405804224368,0.25135941957756325
"(850.0, 2.0, 0.0)",2.0,0.0,850.0,250,0.0,0.0,0.0,0.0,0.0,850.0,850.0,0.0,850.0,850.0,0.0890356925,0.091188874028,0.018304956622468036,0.021369884,0.13553922,0.104153457,0.102870213072,0.022764034385726134,0.025242617,0.15968321,-0.0046760887,-0.011681339266008,0.028326927559911078,-0.08783595,0.05358897,0.9490133875953928,0.9250009676422201,0.24188079166119966,0.4219417463132678,1.7847738002805893,-10.504426054164524,-10.491788047026478,0.9156905536471078,-16.701978395017605,-8.679350218582428,-9.823281074754641,-9.989364958971043,1.0168685809081166,-15.978656159963547,-7.967407384733381,-0.22727703235493818,-0.5024230880554346,1.2350287625981098,-3.747475040103149,2.515831820680706,-10.190542952472304,-10.24057650299876,0.7449372049556676,-16.340317277490577,-9.010741614062898,0.101372485,0.09877345552399999,0.023725322089590526,0.0223719,0.15137327,0.100341715,0.10489598744400001,0.028052722004987644,0.025429253,0.15709388,-0.00146566705,-0.006122531953959999,0.03126083183836056,-0.0846661,0.0488543,0.9844918058013904,0.9900636422817266,0.27521088629216256,0.4147551407063772,1.6434520583270769,-9.940814214609567,-10.190216349698247,1.1295174461550914,-16.50297143448627,-8.199508153484397,-9.98518534534033,-9.95333176755346,1.2063296477130077,-15.946664052279871,-8.038407266176486,-0.0678818434923398,-0.23688458214478786,1.3602478722901308,-3.822082223749799,2.1575703966074258,-10.015160157829134,-10.071774058625854,0.950237797365795,-16.22481774338307,-8.342680815352402,0.10218944499999999,0.10264610415999999,0.030589278451277173,0.031194698,0.15663335,0.10459508749999999,0.104824244456,0.02487152440609044,0.04051767,0.15277806,-0.00227829815,-0.00217814034928,0.0448580857384051,-0.0864148,0.08488284,0.9761303366941444,1.059656272573753,0.4708479006618446,0.4273362083681411,2.374710916603451,-9.905946615697033,-10.090985067894376,1.3598548355562126,-15.059192135495389,-8.05115771044024,-9.804887777267508,-9.923747027772263,1.0770091302035822,-13.923555459083218,-8.159390111591897,-0.10492204412077741,-0.16723804012211116,1.9296994109336718,-3.6923030767158274,3.7561074871529208,-9.96516638111969,-10.007366047833319,0.7573915539694814,-14.491373797289302,-8.527140191675347,0.0953907175,0.093738356872,0.02359213448539544,0.02807841,0.14002031,0.091367875,0.095105069412,0.023395591894694992,0.023303064,0.15233094,-0.0022371188,-0.0013667125307720003,0.028151735366071736,-0.08922474,0.067076385,0.9693822594065328,1.0262949414711469,0.30315305746368276,0.3864792860155021,2.4047312648550845,-10.204942433256342,-10.426673844171269,1.151109762929248,-15.516274767051968,-8.538089624417385,-10.3921457691333,-10.353515809369187,1.107245984223814,-16.325869797628012,-8.17211892221592,-0.13504955372728217,-0.0731580348020849,1.2884631696070838,-4.128737778316891,3.810665498564082,-10.197589822835617,-10.390094826770229,0.9276256481398691,-15.92107228233999,-8.646764848252065,2.0732476190476183,0.07324761904761834,1.8783333333333334,0.12166666666666659,1.4141178,0.5858821868896484,1.7778943193485015,0.2221056806514985,2.005052645394864,0.005052645394863831
"(850.0, 2.0, 15.0)",2.0,15.0,850.0,250,15.0,15.0,0.0,15.0,15.0,850.0,850.0,0.0,850.0,850.0,0.026719656,0.03307290227,0.01744155653644679,0.0076565715,0.10143992,0.0266428535,0.033561592163999995,0.019714525946802827,0.009110383,0.113145545,-0.000188490375,-0.0004886898868799999,0.008866735185830213,-0.04030881,0.036365315,0.9935340832343,1.02354492075148,0.20245018095512815,0.5520270350686838,1.874620343239643,-15.731696185817185,-15.207638429496681,1.7088874892615933,-21.15965659994033,-9.93791088912253,-15.744194015871182,-15.226976617600375,1.8553614484096588,-20.404633764117705,-9.46362540827944,-0.0281735013698023,0.019338188103691506,0.84172075155942,-2.58039652526128,2.7291332566109503,-15.789206396524364,-15.217307523548525,1.7332650754279775,-20.78214518202902,-10.08028143154608,0.0256480065,0.0254748807,0.00505842530938466,0.010920467,0.04129356,0.0265643655,0.02670053982,0.004643530479488828,0.013657949,0.038306274,-0.000922578385,-0.0012256591074384,0.005586872656856244,-0.016924199,0.013978614,0.9608488079357349,0.9724238586148861,0.20816844898784304,0.4509307094285404,1.545757353057819,-15.90946491522967,-16.028577390012046,0.9014152280817491,-19.61758794898334,-13.841176587686938,-15.75700569162433,-15.80395573864539,0.7912288796148751,-18.64614515390361,-14.167300946362538,-0.17345295968077318,-0.2246216513666531,0.9650959193290134,-3.4589018719174724,1.891413210947663,-15.79894895022044,-15.916266564328716,0.6974551908909722,-18.34432549802317,-14.489166447335109,0.024798645,0.025111973252000003,0.00412219392218437,0.015653927,0.035895057,0.030856573999999998,0.031460331836,0.004412401322007988,0.022524247,0.042759217,-0.0060641550999999995,-0.006348358582255999,0.005648457498578981,-0.019207265,0.008629827,0.8016380289782776,0.8115050988649654,0.1639216301417421,0.4653267222431186,1.3452699331033149,-16.05572235034861,-16.060665231868022,0.7263281347441154,-18.05376699110355,-14.44965352401844,-15.106525151953326,-15.065305412506325,0.6139613327771081,-16.47349719871181,-13.689702528427825,-0.9602173684286059,-0.9953598193616985,0.8813380061063121,-3.322420065639122,1.2880943579752575,-15.529768855751932,-15.562985322187172,0.5079974099159288,-16.772067852928153,-14.500183999850046,0.026076631,0.025982880796000002,0.004688392313050623,0.01570906,0.039885834,0.028691124499999998,0.028834825936,0.0033288174233479504,0.02060901,0.037992544,-0.0028511453499999997,-0.002851945164388,0.005583195104373552,-0.017206639,0.015011825,0.9028916627585519,0.912706074091783,0.1969597247573656,0.4987599961699075,1.6456448795917835,-15.837485303469446,-15.925242355484206,0.8002263035973981,-18.03849820497701,-13.99181324078996,-15.422524575917054,-15.429960167824378,0.5061822896601949,-16.859428697768443,-14.203016194836412,-0.4436473856094922,-0.4952821876598256,0.927673617474593,-3.021083870433859,2.163361228237365,-15.657434795452648,-15.677601261654294,0.48285270893699755,-16.98126015394936,-14.230203185093616,2.0366904761904765,0.036690476190476495,2.035,0.03500000000000014,1.5675857,0.43241429328918457,1.9805182674480706,0.01948173255192942,1.748690276711435,0.25130972328856505
"(850.0, 2.0, 30.0)",2.0,30.0,850.0,224,30.0,30.0,0.0,30.0,30.0,850.0,850.0,0.0,850.0,850.0,0.0236849385,0.02357303566294643,0.0034525127214464703,0.012081752,0.032424122,0.026306143,0.02666916611160714,0.005396149337199433,0.013388254,0.040611565,-0.00325118655,-0.003096130460987946,0.005766429730433388,-0.016696181,0.011171805,0.8786917178388944,0.9171911677091558,0.21960564184295273,0.525600431229162,1.657333553157388,-16.255277411361746,-16.3253426117445,0.6710836571052905,-19.178700975474555,-14.891317738862083,-15.799429015484137,-15.831209963773386,0.9038175739765174,-18.732760649931368,-13.91350273073243,-0.5616677868817783,-0.49413264797111517,1.0129017002500202,-2.7934428709871657,2.194099228689637,-16.04455390386122,-16.078276287758943,0.6141068940656494,-17.983714483348777,-14.743931922827665,0.0301114225,0.03421722808928571,0.0157231825375052,0.005084092,0.10610036,0.026693858,0.03244080705044643,0.018034757659325072,0.0061948923,0.10020727,0.0024667289000000004,0.001776420940080357,0.007772180055240774,-0.036619626,0.023788065,1.0838488909650965,1.106312748583624,0.24843297805821513,0.581662637629668,1.9214138868909345,-15.212687831486987,-14.988562758880931,1.611681729877452,-22.93786616416712,-9.742831504291212,-15.735910120183192,-15.318844201356105,1.7574874271585188,-22.079662367250176,-9.99100772921995,0.3496871426554406,0.33028144247517593,0.9776824827969021,-2.3532883165879284,2.836209252231328,-15.550348651591477,-15.153703480118518,1.6137454161758433,-22.50876426570865,-9.86691961675558,0.028121679,0.027881569482142855,0.004275421267970238,0.01836605,0.038746398,0.034424778,0.03469984040625,0.004547122528468217,0.024014536,0.04674131,-0.00641077385,-0.00681827094934375,0.006417424455795644,-0.025774892,0.011461165,0.8093178806690376,0.8186635542608434,0.17444292813031348,0.4171179037735454,1.4698688052345066,-15.509587566594734,-15.599773480252813,0.6879531682965601,-17.35984238251648,-14.117686654430662,-14.631289737479374,-14.634162885508918,0.5738536144412358,-16.19525794934376,-13.302991152548795,-0.918812617043268,-0.9656105947438974,0.9199723437641778,-3.797411686940819,1.6727857305592655,-15.080004582467392,-15.116968182880866,0.4355530828332347,-16.301511941570382,-14.162610224301703,0.028888081000000003,0.02897822057142857,0.004749636226595875,0.019276183,0.045193378,0.024710321,0.024900849912946426,0.003803541925544712,0.0149278045,0.035236444,0.0041561248,0.004077370658540178,0.005105709922096211,-0.007704474,0.0216871,1.1661468701562827,1.1841136159228822,0.23372639457122088,0.7323353793448658,2.0126394844351783,-15.392813794459485,-15.43690487397782,0.7097937399344154,-17.149789570985455,-13.449251970350854,-16.07121849330611,-16.08985926715607,0.6805564238096655,-18.26004062081957,-14.530079222756234,0.667531298993449,0.6529543931782503,0.8363213023728707,-1.3528998443597864,3.037659885423229,-15.805709365635568,-15.763382070566946,0.5555391700129513,-16.980106186017657,-14.392181897738752,2.472728571428571,0.47272857142857116,2.2716666666666665,0.2716666666666665,2.875952,0.8759520053863525,3.7851403299304547,1.7851403299304547,2.1589626683601804,0.15896266836018036
"(850.0, 2.0, 45.0)",2.0,45.0,850.0,227,45.0,45.0,0.0,45.0,45.0,850.0,850.0,0.0,850.0,850.0,0.031137252,0.036439998440528636,0.017252131497403116,0.017457053,0.10937431,0.03258948,0.03783892889867841,0.0192668145771149,0.016604606,0.12259321,-0.0005998574,-0.0013989304515066078,0.008284939669215844,-0.03935784,0.041509494,0.9823838050075724,0.9865637619795403,0.18784560773074027,0.5044080678434976,1.61164972544084,-15.067197153099489,-14.70817129442771,1.5367227139909347,-17.58029067907845,-9.610846852830075,-14.869225653560608,-14.568977234705923,1.5592574538060056,-17.797714233850332,-9.115335861882116,-0.0771880565207983,-0.13919405972178803,0.8464578214714211,-2.9721797562206724,2.0727065854124227,-15.075548467399251,-14.638574264566817,1.4890525654220843,-17.68900245646439,-9.84357953976696,0.022849197,0.02343654156828194,0.0054249093146491725,0.012416637,0.044634335,0.039710823,0.04141826267400881,0.006679028430827629,0.028937876,0.058226123,-0.017686216,-0.017981721132158592,0.00512298876571287,-0.035483785,-0.006318439,0.5613588848865804,0.5668448023235557,0.09666936561654127,0.3367705098690893,0.825682697012084,-16.411290661292405,-16.41180801955881,0.9789493920310804,-19.059960302397844,-13.503309338183822,-14.01091107269966,-13.882856717800133,0.6876417790389625,-15.3853334527584,-12.348821231485834,-2.5075939916153374,-2.528951301758675,0.7496033681884672,-4.726659455316447,-0.8318681636421417,-15.18513419190646,-15.147332368679471,0.7583668385544501,-17.04067452822413,-13.081935817112548,0.030477915,0.04577533251629956,0.028551194338460713,0.0033064522,0.12136945,0.038526893,0.05034615982819383,0.023589085148265375,0.002942015,0.11419466,-0.0055419896,-0.0045708271818326,0.013154713470084392,-0.056436814,0.060271777,0.8492372733128862,0.8769432297279492,0.2331000716732808,0.3716850711382719,1.9864823518455863,-15.160147470521345,-14.123102995440952,2.4541692268258513,-24.80637753178714,-9.158906115120534,-14.142360170371193,-13.41177656701279,1.9534652836834352,-25.313551243797225,-9.423541989576194,-0.7097095273932901,-0.7113264284281613,1.0993593928099463,-4.2982488211886825,2.980847110863147,-14.777200701631084,-13.767439781226871,2.148799393984426,-25.05996438779218,-9.68452074209362,0.029083397,0.02974939930396476,0.00472718028322267,0.020651553,0.04212587,0.0335795,0.034324278665198237,0.005237777957366518,0.022910155,0.050514013,-0.004223518,-0.004574879399220264,0.005984270809684146,-0.022704255,0.012329895,0.8739816892270506,0.880997221110986,0.16384856096651143,0.4960536810398286,1.501390275989978,-15.363548647798089,-15.319058290735567,0.6841345514719559,-16.85047287401532,-13.754511215156054,-14.739257938171315,-14.694137948320446,0.6622456020137266,-16.39971965789703,-12.965881319733976,-0.5849766615039673,-0.6249203424151234,0.8106435578557518,-3.0447132325268367,1.7649359876900412,-15.058616418171283,-15.006598119528006,0.537604795810892,-16.390541167664388,-13.529925519457027,1.849304761904762,0.150695238095238,1.785,0.21500000000000008,1.4169399,0.5830601453781128,1.7057460395737898,0.2942539604262102,1.6206038035480606,0.37939619645193945
"(850.0, 2.0, 60.0)",2.0,60.0,850.0,195,60.0,60.0,0.0,60.0,60.0,850.0,850.0,0.0,850.0,850.0,0.023620425,0.023851233623076923,0.004303136655333925,0.0134183075,0.039674707,0.030640908,0.031195052210256407,0.004715965542535356,0.020263812,0.04690421,-0.007255392,-0.007343818553748718,0.0050596034879414505,-0.017571714,0.005804304,0.7636355172223513,0.7742346183845336,0.14733504633954791,0.4642695479218724,1.247640625945239,-16.267122962368564,-16.296003045147113,0.7945611258158727,-18.723022589220896,-14.014862744993472,-15.136983750047172,-15.106793992942848,0.6409022922588328,-16.932788615408793,-13.287881743706407,-1.1711388045333315,-1.1892090522042627,0.8269860168829347,-3.3322980134057527,0.960895079238444,-15.752387570360284,-15.701398519044979,0.5916629931052232,-17.392692541125662,-13.965988137851152,0.027150385,0.02781328742564103,0.005076419393869067,0.016814273,0.042642627,0.026562052,0.026304947266666663,0.004276692670521472,0.013306364,0.039522924,0.0010241456,0.0015083401641641026,0.005611129497776415,-0.01354013,0.016586686,1.0386300535200748,1.0792369379923514,0.2374689344642144,0.6167320990993391,2.0681883589811654,-15.66224006291148,-15.62720229257549,0.7777162107935857,-17.743219093960324,-13.701560493281113,-15.757383799028142,-15.85915986795844,0.7315661397275273,-18.75940586812684,-14.031509379191595,0.1646088508570766,0.2319575753829495,0.924592861123766,-2.0990344720978573,3.1559008934142536,-15.745553504641547,-15.743181080266964,0.5969068360751334,-17.232836433210437,-14.30090176489506,0.03320352,0.04216500941538461,0.021849350598526367,0.012609318,0.10584906,0.029573765,0.04195030922051282,0.028818654717894004,0.011364064,0.12343722,0.0005986206,0.0002147002568717948,0.01705546399229957,-0.05917475,0.059965886,1.0205940801446605,1.1675775035957077,0.6306054584416879,0.4728354818721214,6.276799405056759,-14.78815874603158,-14.260127498287016,2.0551932782239413,-18.99308405923884,-9.753130049259765,-15.290933875481992,-14.536822573613959,2.401968167353492,-19.44466322194978,-9.085538735666049,0.0885304493717438,0.27669507532694404,1.7320813956799617,-3.252899411644176,7.977382496271694,-15.287555916331112,-14.39847503595049,2.0607301506026983,-18.391015337013744,-9.7968280520282,0.016298022,0.01600256003333333,0.0038362804559296136,0.00744763,0.025911,0.02272426,0.022893529143589747,0.0036940953236131,0.013508911,0.033011403,-0.007061083,-0.00689096910753846,0.0042422678444423816,-0.01988563,0.0034316722,0.6950848794276728,0.7071291979158463,0.1671777340110376,0.3398963568327505,1.1917852837766352,-17.87865097040084,-18.088043001883054,1.0822600808486362,-21.279818975451672,-15.86515831935769,-16.435102571490976,-16.459375279311246,0.7048373028676881,-18.6937965165113,-14.813360184044711,-1.5796215881495217,-1.6286677225718085,1.0507230051180132,-4.686534903039419,0.7619801845259673,-17.252059414833113,-17.273709140597152,0.7470184366433602,-19.133167423187068,-15.762875129110649,2.311785714285714,0.3117857142857141,2.3633333333333333,0.3633333333333333,2.0442863,0.044286251068115234,2.7138768882102706,0.7138768882102706,2.1676217191183937,0.16762171911839374
"(850.0, 3.0, -60.0)",3.0,-60.0,850.0,250,-60.0,-60.0,0.0,-60.0,-60.0,850.0,850.0,0.0,850.0,850.0,0.030584906000000002,0.0535911476,0.033068649531442264,0.015154925,0.1158398,0.027442456,0.05197025976400001,0.03258004111499958,0.012042034,0.12193233,0.0014984496,0.0016208878215040001,0.01198330610787154,-0.046000756,0.044148274,1.03008795545778,1.0670046395018025,0.2108684559564802,0.6158420869934962,1.8083655288746945,-15.144944976087459,-13.629310004008481,2.887646534968493,-18.194462035210822,-9.361421944804906,-15.615942636886455,-13.828304237496868,3.015649201418596,-19.19300135832089,-9.138811352234336,0.1287429775948716,0.1989942334883869,0.8482032965206125,-2.105306344819919,2.5728621990934943,-15.571276164891213,-13.728807120752673,2.921721940980861,-18.5316032910703,-9.556386506906222,0.0284044215,0.028303113975999997,0.004403628534559119,0.016222557,0.038913775,0.0209496,0.020854680356000004,0.003569537374119391,0.010690568,0.03205854,0.007336461000000001,0.00744843359648,0.004572146013277549,-0.0035468042,0.020030474,1.347948090475708,1.3854142989983185,0.2656984663221221,0.8741289989454457,2.221256361651884,-15.466140628603863,-15.536388901242603,0.700541114984004,-17.898806897732623,-14.098966338889172,-16.788242639721574,-16.87451362807167,0.7739642335812162,-19.70999219052042,-14.940562501095505,1.2967264322483505,1.3381247268290704,0.8205187343865612,-0.5842447192901865,3.4659868464130685,-16.11695052977985,-16.205451264657135,0.6136582892401635,-18.80439954412652,-14.626246228722994,0.028675152,0.028629113908,0.0031855807188321027,0.021911666,0.037131675,0.029850274,0.030023771847999998,0.0029171720298182395,0.02212347,0.037567403,-0.0013688784000000002,-0.0013946579611400002,0.003757288286500253,-0.011022633,0.0089188665,0.9520763708827272,0.9602038977177368,0.12656915788634432,0.6939661636561851,1.403140472536415,-15.424943062628612,-15.458809112097207,0.4852090089165731,-16.59324604662906,-14.302554642334735,-15.250516734098806,-15.245824549606779,0.4233167927139744,-16.551467365011373,-14.25188824329082,-0.2132823627176963,-0.21298456249042705,0.5626356843816089,-1.5866170430536073,1.4710115172200418,-15.35913179621079,-15.352316830851992,0.35801217343665037,-16.249249232018265,-14.410366850168412,0.023277712,0.04065260233799999,0.0325883979208677,0.007461447,0.11947802,0.0282771635,0.046170193991999994,0.03346803709249809,0.006361247,0.13425238,-0.005631735549999999,-0.0055175916868399994,0.010771995339247161,-0.043295756,0.03259866,0.8344138198312625,0.8586462367132742,0.1973869541603696,0.4199292595298201,1.7585410510659096,-16.33059729713525,-15.052366792322575,2.973376504659509,-21.271769529430987,-9.227119937413477,-15.48564158671767,-14.280238731610627,2.677205407415277,-21.9645773811256,-8.720779925427907,-0.7861878628283332,-0.7721280607119453,0.9787401545502389,-3.7682386381455375,2.451525108777,-16.01125756848309,-14.666302761966598,2.786523863785335,-21.61817345527829,-9.006873671288073,2.7065690476190474,0.2934309523809526,2.705,0.29499999999999993,2.7529798,0.24702024459838867,2.367385721737169,0.6326142782628308,2.2300609916428424,0.7699390083571576
"(850.0, 3.0, -45.0)",3.0,-45.0,850.0,224,-45.0,-45.0,0.0,-45.0,-45.0,850.0,850.0,0.0,850.0,850.0,0.022936283000000002,0.022419011953124995,0.004567527367124719,0.011280369,0.032315664,0.022718587,0.022831114834821427,0.0036950806784413347,0.014485041,0.03310532,-0.00023752730999999997,-0.00041210283225000006,0.005185388254077839,-0.0146733085,0.013221553,0.9901433381333749,1.0013006075893462,0.23819500794474738,0.477666729140094,1.8227458615923413,-16.394769949351446,-16.59309045248762,0.9575806389177222,-19.476766930512085,-14.905869161416376,-16.43619701147014,-16.472911922800886,0.7191322247567296,-18.390802807623245,-14.801021936904045,-0.0430193050089098,-0.12017852968673108,1.0634660005867942,-3.2087500748848807,2.607261208919285,-16.390836462800358,-16.533001187644253,0.659026505351492,-18.279150043450663,-15.285427424190818,0.023832965,0.02378499313392857,0.004089174708441407,0.011843416,0.03253229,0.0251202485,0.024852355283482144,0.004203956198085085,0.012984971,0.03432929,-0.00126393325,-0.0010673621582410714,0.004234928537567857,-0.013055177,0.01218635,0.9467048898350083,0.9720490482500522,0.17602474466216378,0.6163899260167002,1.6533305944309922,-16.22824284525572,-16.3059233703495,0.7939995210640277,-19.26523019176137,-14.876853699612038,-15.999762051364506,-16.113593427137747,0.785895166149593,-18.865590298286254,-14.643351604378664,-0.23785380806655532,-0.19232994321175223,0.7758165295233861,-2.1014446777067217,2.1835970233432,-16.125909648318242,-16.209758398743624,0.6881572523363921,-18.78420214991882,-14.891519661339276,0.026645421,0.026248497165178575,0.003807449795935226,0.015877798,0.03706564,0.031204408,0.030355561602678573,0.005464099220910525,0.017682698,0.041034207,-0.00456995325,-0.004107064512491071,0.00685323161729299,-0.022066373,0.013582978,0.8551100092458915,0.8985814013691408,0.23087947440692977,0.4234110944396085,1.619035309556502,-15.743774775376261,-15.856971175860261,0.6578040617943441,-17.99209722035134,-14.310284955715842,-15.05784052013681,-15.254171193548435,0.8371096361313722,-17.524514794661556,-13.868539577045617,-0.6797802255615455,-0.6027999823118256,1.0978442570123614,-3.7323776652888,2.0925632040432376,-15.46793714285593,-15.555571184704348,0.5151833267340981,-16.872459610541398,-14.47133565484802,0.022062765499999998,0.02378449509151786,0.011523523942679779,0.005270098,0.09058224,0.027082261,0.02917968837633928,0.013821647206092368,0.0071201143,0.10676787,-0.0051974459,-0.0053951932914955356,0.006635569456422896,-0.055511087,0.010775244,0.8092189640823699,0.8318228761608789,0.1897427089132042,0.3738724083387544,1.5708561279475288,-16.56340170122952,-16.528780589159958,1.4478710279317542,-22.78181319397425,-10.429569599595863,-15.673151254273705,-15.616787919648598,1.3617144244368913,-21.47513035352264,-9.715594193076091,-0.9193404522562201,-0.9119926695113599,0.9984355411337567,-4.272765844143043,1.9613641057992268,-16.12953091471794,-16.072784254404276,1.3138036235191533,-22.128471773748444,-10.156505811751366,2.1786738095238096,0.8213261904761904,2.3133333333333335,0.6866666666666665,2.0764306,0.9235694408416748,1.789129762033175,1.210870237966825,2.1752849975602437,0.8247150024397563
"(850.0, 3.0, -30.0)",3.0,-30.0,850.0,250,-30.0,-30.0,0.0,-30.0,-30.0,850.0,850.0,0.0,850.0,850.0,0.0276480905,0.033011394718,0.01510866598603587,0.0154482005,0.09059121,0.020363173499999998,0.027321120927199998,0.018733390599963033,0.0077656168,0.08844973,0.0062618017500000005,0.005690273783368,0.008349164982037133,-0.04669831,0.025323361,1.31527889781897,1.3575466230480295,0.37324318528554695,0.4593198120841624,2.861418260010671,-15.583350527449769,-15.145721971060247,1.5846283685733806,-18.11122102056448,-10.429139532346056,-16.911545545520497,-16.316665125014485,2.221702024308829,-21.098240462463664,-10.533034812529266,1.1901780339490173,1.1709431539542394,1.170635158035863,-3.3788482151374275,4.565813442680222,-16.225065881370583,-15.731193548037362,1.83872423363193,-19.583884433014923,-10.48108717243766,0.0286036655,0.027575374205999998,0.005813669961697081,0.0122570265,0.04259573,0.025971615,0.026061924267999997,0.004276359921732001,0.016378716,0.037055902,0.00176529305,0.001513449902476,0.005323243214968057,-0.012100313,0.015997946,1.074165993467283,1.0696333764594281,0.22164294300966692,0.5032169697654805,1.9202979984031407,-15.435783549845983,-15.701196860685062,0.9941945714533188,-19.11614874610821,-13.706339422961696,-15.855010499352812,-15.90004308959569,0.731318825238432,-17.85720157175816,-14.31142608688203,0.3107137709466645,0.1988462289106265,0.9110125085325195,-2.9824472175779952,2.833686292476713,-15.69825063114164,-15.800619975140375,0.7444051903043168,-18.1526736824608,-14.31803990960528,0.027279987999999998,0.027148092391999997,0.003928245005143141,0.015593799,0.03663732,0.031219563999999998,0.031284109915999996,0.003017790360613382,0.023176447,0.03892631,-0.0043220287,-0.004136017521825601,0.004765747218191671,-0.015085209,0.007676402,0.8633321824095832,0.8750488249960869,0.14878286578555439,0.5707447665406052,1.2802839573557168,-15.641560342478716,-15.709371289344956,0.6452278479853981,-18.07048072697758,-14.360762890236137,-15.05573388963715,-15.067191817991345,0.4240123805831719,-16.349531498449227,-14.097567537054726,-0.6382227155511488,-0.642179471353612,0.7404079723959983,-2.4355806207267907,1.0730630359493514,-15.340785392661498,-15.388281553668149,0.4012502286042341,-17.036914280562144,-14.404029012108522,0.029449397500000002,0.03980084504,0.023388176933520275,0.011033271,0.113467425,0.028043351,0.043221186766,0.032104068310324425,0.0145424865,0.12875757,-4.3514184999999996e-05,-0.0034203417620080005,0.013728233214069827,-0.070133984,0.015533917,0.9989180348791169,1.0235772598554707,0.25337296663500075,0.4553020365964259,1.8864532654815576,-15.309236187749923,-14.573841448759577,2.0923887073791394,-19.572956971837915,-9.451288003735026,-15.521701077686334,-14.540750177630242,2.581835926877455,-18.37361330105268,-8.902272409764478,-0.00470147864699115,-0.033091271129332626,1.0940994737992118,-3.4170040705182707,2.756460505812236,-15.509381988133217,-14.55729581319491,2.285327156754483,-18.9732851364453,-9.546059800833955,2.4720666666666666,0.5279333333333334,2.5516666666666667,0.44833333333333325,2.2830918,0.7169082164764404,2.394356885207585,0.6056431147924148,2.213195497599651,0.7868045024003489
"(850.0, 3.0, -15.0)",3.0,-15.0,850.0,250,-15.0,-15.0,0.0,-15.0,-15.0,850.0,850.0,0.0,850.0,850.0,0.0227928645,0.022919897388,0.0033320260620740673,0.014543664,0.03162197,0.0271239915,0.027205000884,0.004000336036010257,0.016470758,0.036922485,-0.0045012682,-0.0042851034869146,0.004940957359095836,-0.018034726,0.009005351,0.8393303787283592,0.8599357188530159,0.1760732276888832,0.5029973168147234,1.5467478094762994,-16.422017066171968,-16.44389365051189,0.6359826420502013,-18.37326176063185,-15.000110744249662,-15.666464513831166,-15.701594789492047,0.6534920891255273,-17.83286407253371,-14.327090815365882,-0.7606719237538648,-0.7422988610198409,0.8663529859340287,-2.984343316114664,1.89419509656214,-16.050772794645013,-16.072744220001965,0.4776201856184456,-17.61906746286597,-14.927388539611846,0.0218378825,0.027473037538,0.019686265541035572,0.011858728,0.105107866,0.026720703499999998,0.031884279732,0.017630231847576797,0.009943738,0.10143848,-0.004739561,-0.004411242138452001,0.007416129547647242,-0.03948042,0.03432753,0.8322350481695118,0.8456961555995894,0.21401612166382838,0.4806116413341492,2.142166807392733,-16.607903240738885,-16.226909945702634,2.0144217790315637,-19.25961900013924,-9.783647803385788,-15.731524176484202,-15.37084710003221,1.6833945390561111,-20.02450342422424,-9.937972771977453,-0.7975407171438444,-0.8560628456704256,1.0475190343984717,-3.182057139287016,3.308532857083801,-16.193903928952047,-15.798878522867422,1.7808795880473052,-18.37023699568234,-10.155469699865986,0.028054796,0.044957978574,0.030046639899715052,0.0035527085,0.113839045,0.032878652999999994,0.05144909855199999,0.0346215321756472,0.004986441,0.1384197,-0.004297181000000001,-0.006491119894143999,0.013884540612257188,-0.048312888,0.06283552,0.8840684246475579,0.9035378219056496,0.2790298868541291,0.3714869514906851,3.222740227609288,-15.519934276388412,-14.321159545300802,2.638911316185068,-24.49440419690488,-9.437087555803176,-14.830898545421917,-13.730682240741062,2.6090522988657083,-23.02209295211368,-8.588020880352447,-0.5351412338564803,-0.5904773045597401,1.1029410589378161,-4.300564362320339,5.082253001610324,-15.301331014457519,-14.025920893020931,2.565420759169986,-23.75824857450928,-9.172657476995894,0.022134975,0.021902939596000003,0.0034253890270583053,0.009931579,0.032210346,0.031923997999999995,0.032201708956000004,0.004030169870526141,0.021517161,0.041703217,-0.0098955025,-0.010298769391440001,0.004669461232832531,-0.026905566,0.0008921474,0.685623859613082,0.6878462530718737,0.12133823828943749,0.3209078737808021,1.033687969162339,-16.54921246153642,-16.652427909258638,0.7276108604950564,-20.02981688288176,-14.920046058004344,-14.958827236969254,-14.956008238968545,0.5554248383858283,-16.67215024890086,-13.798304448987675,-1.6391411580718174,-1.6964196702900909,0.805206033939117,-4.936196269102169,0.1438946167315276,-15.75192753044788,-15.80421807411359,0.506821436435111,-17.919549028013925,-14.793887915287826,2.5529571428571436,0.4470428571428564,2.5516666666666667,0.44833333333333325,2.1497064,0.8502936363220215,2.3969737310913204,0.6030262689086796,2.1933552195694284,0.8066447804305716
"(850.0, 3.0, 0.0)",3.0,0.0,850.0,250,0.0,0.0,0.0,0.0,0.0,850.0,850.0,0.0,850.0,850.0,0.023847989,0.036536398804,0.027775240718542277,0.005496349,0.12291515,0.030932582,0.0447119070584,0.030643760946592498,0.0077753346,0.1277397,-0.0071489541,-0.008175508194536,0.011081759035086656,-0.061395675,0.05408913,0.7849743793427155,0.8025108293622608,0.16490126804548036,0.5193688723834129,1.7858819840929947,-16.225483449849193,-15.255142576831483,2.5278269846131254,-22.599256840558738,-9.10394588984666,-15.095838292501814,-14.218676362673094,2.2947235073739876,-21.09280910314887,-8.936741159626793,-1.0514456009345245,-1.0364662141583927,0.82303875428197,-2.845240827271587,2.518527561514462,-15.695868211042411,-14.73690946975229,2.378756906864177,-21.8460329718538,-9.416178193182713,0.022458974,0.022713810863999997,0.003993116286893179,0.012137218,0.034655392,0.025693331,0.025753793654,0.0037439574971809115,0.0154714435,0.036084525,-0.00325382595,-0.003039982841376,0.003881802935317387,-0.013661539,0.008495677,0.8793253629813047,0.8897624235466286,0.15033645981487695,0.5633048914548657,1.4262481848661397,-16.486101077238935,-16.50614028725053,0.7860283488319759,-19.15880833924714,-14.602291821807052,-15.901796356053556,-15.937998402694971,0.6401421976144486,-18.10469163353465,-14.426790037122649,-0.5585040017403884,-0.5681418845555597,0.7284411954130297,-2.4925647752993303,1.5419510473171272,-16.21683865640992,-16.222069344972752,0.6173772391118725,-18.22331695828651,-14.564963844566236,0.051724756,0.068127221492,0.0303566591575807,0.024832267,0.13529892,0.0470320125,0.06558588082,0.03121010890391967,0.022856124,0.13141617,0.00250011125,0.0025413406272400004,0.012755894266793784,-0.03786783,0.058510914,1.0488245761895831,1.0646727449835984,0.17207476534690827,0.6567500685760388,1.8094050175592096,-12.863015888268666,-12.052401401399727,1.780656761621985,-16.049836252894345,-8.687056615334097,-13.276073761748325,-12.268664683945788,1.8887455470700305,-16.40997421284257,-8.81351188147029,0.20700380958076708,0.2162632825460598,0.6988906353763774,-1.825998731880583,2.5753579030325184,-13.195028797161969,-12.160533042672755,1.8019259396793421,-16.229905232868457,-8.93279454915466,0.025064076,0.041773501912,0.02885059013839129,0.010145906,0.12350176,0.0324418935,0.053479246884000006,0.03388958232901226,0.0128639,0.12825027,-0.008521808,-0.011705744954328001,0.01448995005098777,-0.073644534,0.027439088,0.7503314865337688,0.7771599336968414,0.1772239821928757,0.3106838060700108,1.345431432229873,-16.009484224590537,-14.709847142063348,2.7329280435019863,-19.93709150252549,-9.083268436464367,-14.88897486610663,-13.506005357765556,2.5337401427144943,-18.90627358761604,-8.91941708245824,-1.2474719240590426,-1.2038417842977913,0.9748349764922856,-5.076813830940983,1.2886156954151389,-15.544384284771457,-14.107926249914453,2.589747399464482,-19.42168254507077,-9.502200896409835,2.53504761904762,0.4649523809523801,2.723333333333333,0.27666666666666684,2.061407,0.9385929107666016,1.9110831350739028,1.0889168649260972,2.3429592141257167,0.6570407858742833
"(850.0, 3.0, 15.0)",3.0,15.0,850.0,250,15.0,15.0,0.0,15.0,15.0,850.0,850.0,0.0,850.0,850.0,0.0227928645,0.022919897388,0.0033320260620740673,0.014543664,0.03162197,0.0271239915,0.027205000884,0.004000336036010257,0.016470758,0.036922485,-0.0045012682,-0.0042851034869146,0.004940957359095836,-0.018034726,0.009005351,0.8393303787283592,0.8599357188530159,0.1760732276888832,0.5029973168147234,1.5467478094762994,-16.422017066171968,-16.44389365051189,0.6359826420502013,-18.37326176063185,-15.000110744249662,-15.666464513831166,-15.701594789492047,0.6534920891255273,-17.83286407253371,-14.327090815365882,-0.7606719237538648,-0.7422988610198409,0.8663529859340287,-2.984343316114664,1.89419509656214,-16.050772794645013,-16.072744220001965,0.4776201856184456,-17.61906746286597,-14.927388539611846,0.0218378825,0.027473037538,0.019686265541035572,0.011858728,0.105107866,0.026720703499999998,0.031884279732,0.017630231847576797,0.009943738,0.10143848,-0.004739561,-0.004411242138452001,0.007416129547647242,-0.03948042,0.03432753,0.8322350481695118,0.8456961555995894,0.21401612166382838,0.4806116413341492,2.142166807392733,-16.607903240738885,-16.226909945702634,2.0144217790315637,-19.25961900013924,-9.783647803385788,-15.731524176484202,-15.37084710003221,1.6833945390561111,-20.02450342422424,-9.937972771977453,-0.7975407171438444,-0.8560628456704256,1.0475190343984717,-3.182057139287016,3.308532857083801,-16.193903928952047,-15.798878522867422,1.7808795880473052,-18.37023699568234,-10.155469699865986,0.028054796,0.044957978574,0.030046639899715052,0.0035527085,0.113839045,0.032878652999999994,0.05144909855199999,0.0346215321756472,0.004986441,0.1384197,-0.004297181000000001,-0.006491119894143999,0.013884540612257188,-0.048312888,0.06283552,0.8840684246475579,0.9035378219056496,0.2790298868541291,0.3714869514906851,3.222740227609288,-15.519934276388412,-14.321159545300802,2.638911316185068,-24.49440419690488,-9.437087555803176,-14.830898545421917,-13.730682240741062,2.6090522988657083,-23.02209295211368,-8.588020880352447,-0.5351412338564803,-0.5904773045597401,1.1029410589378161,-4.300564362320339,5.082253001610324,-15.301331014457519,-14.025920893020931,2.565420759169986,-23.75824857450928,-9.172657476995894,0.022134975,0.021902939596000003,0.0034253890270583053,0.009931579,0.032210346,0.031923997999999995,0.032201708956000004,0.004030169870526141,0.021517161,0.041703217,-0.0098955025,-0.010298769391440001,0.004669461232832531,-0.026905566,0.0008921474,0.685623859613082,0.6878462530718737,0.12133823828943749,0.3209078737808021,1.033687969162339,-16.54921246153642,-16.652427909258638,0.7276108604950564,-20.02981688288176,-14.920046058004344,-14.958827236969254,-14.956008238968545,0.5554248383858283,-16.67215024890086,-13.798304448987675,-1.6391411580718174,-1.6964196702900909,0.805206033939117,-4.936196269102169,0.1438946167315276,-15.75192753044788,-15.80421807411359,0.506821436435111,-17.919549028013925,-14.793887915287826,2.551457142857144,0.448542857142856,2.5516666666666667,0.44833333333333325,2.1497064,0.8502936363220215,2.4333004585225755,0.5666995414774245,2.193353740954894,0.806646259045106
"(850.0, 3.0, 30.0)",3.0,30.0,850.0,250,30.0,30.0,0.0,30.0,30.0,850.0,850.0,0.0,850.0,850.0,0.0276480905,0.033011394718,0.01510866598603587,0.0154482005,0.09059121,0.020363173499999998,0.027321120927199998,0.018733390599963033,0.0077656168,0.08844973,0.0062618017500000005,0.005690273783368,0.008349164982037133,-0.04669831,0.025323361,1.31527889781897,1.3575466230480295,0.37324318528554695,0.4593198120841624,2.861418260010671,-15.583350527449769,-15.145721971060247,1.5846283685733806,-18.11122102056448,-10.429139532346056,-16.911545545520497,-16.316665125014485,2.221702024308829,-21.098240462463664,-10.533034812529266,1.1901780339490173,1.1709431539542394,1.170635158035863,-3.3788482151374275,4.565813442680222,-16.225065881370583,-15.731193548037362,1.83872423363193,-19.583884433014923,-10.48108717243766,0.0286036655,0.027575374205999998,0.005813669961697081,0.0122570265,0.04259573,0.025971615,0.026061924267999997,0.004276359921732001,0.016378716,0.037055902,0.00176529305,0.001513449902476,0.005323243214968057,-0.012100313,0.015997946,1.074165993467283,1.0696333764594281,0.22164294300966692,0.5032169697654805,1.9202979984031407,-15.435783549845983,-15.701196860685062,0.9941945714533188,-19.11614874610821,-13.706339422961696,-15.855010499352812,-15.90004308959569,0.731318825238432,-17.85720157175816,-14.31142608688203,0.3107137709466645,0.1988462289106265,0.9110125085325195,-2.9824472175779952,2.833686292476713,-15.69825063114164,-15.800619975140375,0.7444051903043168,-18.1526736824608,-14.31803990960528,0.027279987999999998,0.027148092391999997,0.003928245005143141,0.015593799,0.03663732,0.031219563999999998,0.031284109915999996,0.003017790360613382,0.023176447,0.03892631,-0.0043220287,-0.004136017521825601,0.004765747218191671,-0.015085209,0.007676402,0.8633321824095832,0.8750488249960869,0.14878286578555439,0.5707447665406052,1.2802839573557168,-15.641560342478716,-15.709371289344956,0.6452278479853981,-18.07048072697758,-14.360762890236137,-15.05573388963715,-15.067191817991345,0.4240123805831719,-16.349531498449227,-14.097567537054726,-0.6382227155511488,-0.642179471353612,0.7404079723959983,-2.4355806207267907,1.0730630359493514,-15.340785392661498,-15.388281553668149,0.4012502286042341,-17.036914280562144,-14.404029012108522,0.029449397500000002,0.03980084504,0.023388176933520275,0.011033271,0.113467425,0.028043351,0.043221186766,0.032104068310324425,0.0145424865,0.12875757,-4.3514184999999996e-05,-0.0034203417620080005,0.013728233214069827,-0.070133984,0.015533917,0.9989180348791169,1.0235772598554707,0.25337296663500075,0.4553020365964259,1.8864532654815576,-15.309236187749923,-14.573841448759577,2.0923887073791394,-19.572956971837915,-9.451288003735026,-15.521701077686334,-14.540750177630242,2.581835926877455,-18.37361330105268,-8.902272409764478,-0.00470147864699115,-0.033091271129332626,1.0940994737992118,-3.4170040705182707,2.756460505812236,-15.509381988133217,-14.55729581319491,2.285327156754483,-18.9732851364453,-9.546059800833955,2.468233333333333,0.5317666666666669,2.5516666666666667,0.44833333333333325,2.2830918,0.7169082164764404,2.0522327992290053,0.9477672007709947,2.2133664114266627,0.7866335885733373
"(850.0, 3.0, 45.0)",3.0,45.0,850.0,224,45.0,45.0,0.0,45.0,45.0,850.0,850.0,0.0,850.0,850.0,0.022936283000000002,0.022419011953124995,0.004567527367124719,0.011280369,0.032315664,0.022718587,0.022831114834821427,0.0036950806784413347,0.014485041,0.03310532,-0.00023752730999999997,-0.00041210283225000006,0.005185388254077839,-0.0146733085,0.013221553,0.9901433381333749,1.0013006075893462,0.23819500794474738,0.477666729140094,1.8227458615923413,-16.394769949351446,-16.59309045248762,0.9575806389177222,-19.476766930512085,-14.905869161416376,-16.43619701147014,-16.472911922800886,0.7191322247567296,-18.390802807623245,-14.801021936904045,-0.0430193050089098,-0.12017852968673108,1.0634660005867942,-3.2087500748848807,2.607261208919285,-16.390836462800358,-16.533001187644253,0.659026505351492,-18.279150043450663,-15.285427424190818,0.023832965,0.02378499313392857,0.004089174708441407,0.011843416,0.03253229,0.0251202485,0.024852355283482144,0.004203956198085085,0.012984971,0.03432929,-0.00126393325,-0.0010673621582410714,0.004234928537567857,-0.013055177,0.01218635,0.9467048898350083,0.9720490482500522,0.17602474466216378,0.6163899260167002,1.6533305944309922,-16.22824284525572,-16.3059233703495,0.7939995210640277,-19.26523019176137,-14.876853699612038,-15.999762051364506,-16.113593427137747,0.785895166149593,-18.865590298286254,-14.643351604378664,-0.23785380806655532,-0.19232994321175223,0.7758165295233861,-2.1014446777067217,2.1835970233432,-16.125909648318242,-16.209758398743624,0.6881572523363921,-18.78420214991882,-14.891519661339276,0.026645421,0.026248497165178575,0.003807449795935226,0.015877798,0.03706564,0.031204408,0.030355561602678573,0.005464099220910525,0.017682698,0.041034207,-0.00456995325,-0.004107064512491071,0.00685323161729299,-0.022066373,0.013582978,0.8551100092458915,0.8985814013691408,0.23087947440692977,0.4234110944396085,1.619035309556502,-15.743774775376261,-15.856971175860261,0.6578040617943441,-17.99209722035134,-14.310284955715842,-15.05784052013681,-15.254171193548435,0.8371096361313722,-17.524514794661556,-13.868539577045617,-0.6797802255615455,-0.6027999823118256,1.0978442570123614,-3.7323776652888,2.0925632040432376,-15.46793714285593,-15.555571184704348,0.5151833267340981,-16.872459610541398,-14.47133565484802,0.022062765499999998,0.02378449509151786,0.011523523942679779,0.005270098,0.09058224,0.027082261,0.02917968837633928,0.013821647206092368,0.0071201143,0.10676787,-0.0051974459,-0.0053951932914955356,0.006635569456422896,-0.055511087,0.010775244,0.8092189640823699,0.8318228761608789,0.1897427089132042,0.3738724083387544,1.5708561279475288,-16.56340170122952,-16.528780589159958,1.4478710279317542,-22.78181319397425,-10.429569599595863,-15.673151254273705,-15.616787919648598,1.3617144244368913,-21.47513035352264,-9.715594193076091,-0.9193404522562201,-0.9119926695113599,0.9984355411337567,-4.272765844143043,1.9613641057992268,-16.12953091471794,-16.072784254404276,1.3138036235191533,-22.128471773748444,-10.156505811751366,2.182590476190476,0.8174095238095238,2.3133333333333335,0.6866666666666665,2.076346,0.9236540794372559,2.206295583073477,0.793704416926523,2.175384212960649,0.8246157870393511
"(850.0, 3.0, 60.0)",3.0,60.0,850.0,250,60.0,60.0,0.0,60.0,60.0,850.0,850.0,0.0,850.0,850.0,0.030584906000000002,0.0535911476,0.033068649531442264,0.015154925,0.1158398,0.027442456,0.05197025976400001,0.03258004111499958,0.012042034,0.12193233,0.0014984496,0.0016208878215040001,0.01198330610787154,-0.046000756,0.044148274,1.03008795545778,1.0670046395018025,0.2108684559564802,0.6158420869934962,1.8083655288746945,-15.144944976087459,-13.629310004008481,2.887646534968493,-18.194462035210822,-9.361421944804906,-15.615942636886455,-13.828304237496868,3.015649201418596,-19.19300135832089,-9.138811352234336,0.1287429775948716,0.1989942334883869,0.8482032965206125,-2.105306344819919,2.5728621990934943,-15.571276164891213,-13.728807120752673,2.921721940980861,-18.5316032910703,-9.556386506906222,0.0284044215,0.028303113975999997,0.004403628534559119,0.016222557,0.038913775,0.0209496,0.020854680356000004,0.003569537374119391,0.010690568,0.03205854,0.007336461000000001,0.00744843359648,0.004572146013277549,-0.0035468042,0.020030474,1.347948090475708,1.3854142989983185,0.2656984663221221,0.8741289989454457,2.221256361651884,-15.466140628603863,-15.536388901242603,0.700541114984004,-17.898806897732623,-14.098966338889172,-16.788242639721574,-16.87451362807167,0.7739642335812162,-19.70999219052042,-14.940562501095505,1.2967264322483505,1.3381247268290704,0.8205187343865612,-0.5842447192901865,3.4659868464130685,-16.11695052977985,-16.205451264657135,0.6136582892401635,-18.80439954412652,-14.626246228722994,0.028675152,0.028629113908,0.0031855807188321027,0.021911666,0.037131675,0.029850274,0.030023771847999998,0.0029171720298182395,0.02212347,0.037567403,-0.0013688784000000002,-0.0013946579611400002,0.003757288286500253,-0.011022633,0.0089188665,0.9520763708827272,0.9602038977177368,0.12656915788634432,0.6939661636561851,1.403140472536415,-15.424943062628612,-15.458809112097207,0.4852090089165731,-16.59324604662906,-14.302554642334735,-15.250516734098806,-15.245824549606779,0.4233167927139744,-16.551467365011373,-14.25188824329082,-0.2132823627176963,-0.21298456249042705,0.5626356843816089,-1.5866170430536073,1.4710115172200418,-15.35913179621079,-15.352316830851992,0.35801217343665037,-16.249249232018265,-14.410366850168412,0.023277712,0.04065260233799999,0.0325883979208677,0.007461447,0.11947802,0.0282771635,0.046170193991999994,0.03346803709249809,0.006361247,0.13425238,-0.005631735549999999,-0.0055175916868399994,0.010771995339247161,-0.043295756,0.03259866,0.8344138198312625,0.8586462367132742,0.1973869541603696,0.4199292595298201,1.7585410510659096,-16.33059729713525,-15.052366792322575,2.973376504659509,-21.271769529430987,-9.227119937413477,-15.48564158671767,-14.280238731610627,2.677205407415277,-21.9645773811256,-8.720779925427907,-0.7861878628283332,-0.7721280607119453,0.9787401545502389,-3.7682386381455375,2.451525108777,-16.01125756848309,-14.666302761966598,2.786523863785335,-21.61817345527829,-9.006873671288073,2.7083190476190477,0.29168095238095226,2.705,0.29499999999999993,2.7529798,0.24702024459838867,1.8871795976830237,1.1128204023169763,2.2301606061442807,0.7698393938557193
"(850.0, 4.0, -60.0)",4.0,-60.0,850.0,229,-60.0,-60.0,0.0,-60.0,-60.0,850.0,850.0,0.0,850.0,850.0,0.027754117,0.03823382399563319,0.025680642303120768,0.008884679,0.122735426,0.024680372,0.033128343631004364,0.02184285161040109,0.0078346245,0.11328183,0.0035753772,0.005105480428283842,0.009351298480896119,-0.015449859,0.043063976,1.137355019390902,1.1753412896921944,0.2504411643942029,0.6416483390834609,2.0486516174817906,-15.566725882951935,-14.839104397668104,2.1802575977770275,-20.51358278225489,-9.110300662681704,-16.07648292814565,-15.446236652994132,2.172336193886669,-21.059818136752952,-9.458397394362596,0.55896048611352,0.6071322553260307,0.9046229955498157,-1.927029255503744,3.114681109433601,-15.9459182110133,-15.14267052533112,2.1287785640944095,-20.78670045950392,-9.40075122429622,0.027895719,0.02772738123144105,0.003937308806872914,0.018266387,0.038244694,0.022464987,0.022419623034934503,0.0037106106593396563,0.012889334,0.033299375,0.0057726987,0.005307758196550219,0.004412072283694756,-0.010780683,0.015836107,1.2389987637722408,1.262285931008521,0.22984800994453028,0.6519226110523616,2.0638675924751326,-15.544624432549872,-15.616213744510732,0.6361003627987682,-17.383473386584708,-14.174288042017086,-16.484938304841425,-16.554964964512795,0.7398103973392712,-18.89769522280583,-14.775639134853956,0.9307087306954536,0.9387512200020635,0.8039200522421917,-1.858039557614756,3.146818316802012,-16.037504735034865,-16.08558935451176,0.5607135500259784,-17.978193919411765,-14.864972623420757,0.029688388,0.029388499004366814,0.0036173268117987265,0.021020645,0.03875621,0.030238908,0.03042510734279476,0.004027079544918083,0.0155637255,0.039563246,-0.0013417676,-0.0010366083038427947,0.0044115334486830825,-0.013457358,0.012537933,0.9613354905778158,0.9788983568082844,0.15686911741568033,0.6505292803278455,1.805586873006641,-15.274133811794972,-15.351817446122315,0.545579970344075,-16.77353956442221,-14.116586955297654,-15.19433899394934,-15.207770479779942,0.6025226111374888,-18.07886437668087,-14.027080827606635,-0.1712502409788996,-0.14404696634237132,0.6601535695088699,-1.8673315104719936,2.5661838868512508,-15.227039592450474,-15.279793962951125,0.47052610623903096,-16.91394338364941,-14.217151931230374,0.029127788,0.049817833125327504,0.033964593726385654,0.0077630207,0.12752117,0.033620566,0.05635208773362446,0.036737299873530194,0.007272695,0.14173526,-0.0046427473,-0.006534254614434498,0.01357200201642225,-0.07880722,0.043556005,0.8700163853021962,0.8863063082629816,0.1739192647985917,0.4439829422536184,1.518738973650398,-15.35692497963832,-13.974684055539203,2.8121586035446247,-21.099692560595088,-8.944177039211109,-14.7339497782807,-13.366725613596486,2.7147838446262016,-21.38304613874681,-8.485221083985607,-0.6047256807397439,-0.6079584419427216,0.86084033342728,-3.526337150754024,1.814831378921827,-15.217991198177288,-13.670704834567843,2.730179874541774,-21.241369349670947,-9.344620335070518,2.7702023809523815,1.2297976190476185,2.8366666666666664,1.1633333333333336,2.1072326,1.8927674293518066,2.711657579134333,1.2883424208656669,2.3263086079039725,1.6736913920960275
"(850.0, 4.0, -45.0)",4.0,-45.0,850.0,250,-45.0,-45.0,0.0,-45.0,-45.0,850.0,850.0,0.0,850.0,850.0,0.0289520085,0.0402704135412,0.020214394364676074,0.0045342003,0.091780156,0.0413612125,0.0593308900028,0.03131297227372818,0.0072949077,0.12054795,-0.014714265,-0.019060476402012,0.015834304722742,-0.07218142,0.0091028325,0.6934521046503419,0.706955120725574,0.15579261848349676,0.3841649001999893,1.4584507044161512,-15.38321308732877,-14.45879579119833,2.087244388626412,-23.43499298613117,-10.37251208946386,-13.834069781215348,-12.854402339574689,2.2557725962291717,-21.36980198641336,-9.188401697288436,-1.5898354407927435,-1.6043934516236413,0.9176209898477635,-4.154823176162127,1.638917545822089,-14.66408294587671,-13.656599065386509,2.1241568919510567,-22.402397486272267,-10.177703687907616,0.0265100055,0.026440309096,0.004072461436846919,0.014443773,0.03676457,0.0365554055,0.036751689024,0.0063006091758693985,0.02327707,0.0565736,-0.00939342575,-0.010311379950912001,0.006552311285828677,-0.027300857,0.0049096216,0.7356931124149535,0.735686514421174,0.14545752511931836,0.3653143503081239,1.2109209394346394,-15.765903412838467,-15.830670398922601,0.690588186826131,-18.40319350245032,-14.345705141326002,-14.370484159832172,-14.411660059220358,0.7540754757717882,-16.330716803941424,-12.473861877593794,-1.3330331024054862,-1.4190103397022444,0.872713751569367,-4.373332674316476,0.8311578916331062,-15.04281729275589,-15.12116522907148,0.5765098528451671,-16.75626885096263,-13.904613871313112,0.027501963499999997,0.02770747042,0.004469138097852316,0.015657013,0.040573165,0.031730447,0.03074625044,0.005106620065332098,0.015559875,0.04052717,-0.0026694834,-0.0030387800101199995,0.005822211032605984,-0.017406264,0.013866678,0.9057082308349313,0.9202453471812511,0.18162836226416987,0.5477588772989455,1.5622455697492563,-15.606364330568471,-15.63057330061179,0.7048698843256761,-18.052910799756688,-13.917611147758194,-14.98523880067617,-15.18603515785677,0.7614894439192923,-18.079938848609785,-13.922537361859408,-0.43011886481145734,-0.4445381427550202,0.8557495906779338,-2.614105752606603,1.9374930177050995,-15.303280651769583,-15.408304229234279,0.5960511916174142,-17.91153230498017,-14.359619924295806,0.025501526,0.02567271272,0.003971041433515543,0.016330415,0.035194248,0.029033813999999998,0.028804698162,0.004654562616380854,0.0041646995,0.03742321,-0.0032353297999999997,-0.003131985457364,0.005337357738059044,-0.016806012,0.015156109,0.8869261114652214,0.921737274506656,0.2972074791415268,0.5349754650582309,4.639184293753564,-15.934381608803553,-15.958314845146639,0.685280957872225,-17.870027683143668,-14.53528310455727,-15.370967493284358,-15.476876560653482,0.8690366907848741,-23.80416332780896,-14.2685898241673,-0.5211259047454675,-0.4814382844931566,0.9749940226998236,-2.7166613502950163,6.664416254341958,-15.686786137973856,-15.71759570290006,0.612179748522608,-20.471955200637986,-14.756257968835545,1.5854,2.4146,1.5583333333333333,2.4416666666666664,1.330012,2.6699880361557007,1.992366111844566,2.007633888155434,1.6806748250314616,2.3193251749685384
"(850.0, 4.0, -30.0)",4.0,-30.0,850.0,232,-30.0,-30.0,0.0,-30.0,-30.0,850.0,850.0,0.0,850.0,850.0,0.024861796999999998,0.03089003495689655,0.019733364337479204,0.004315415,0.1307492,0.0215641425,0.026722977702586206,0.017743120534989484,0.00488944,0.09084928,0.0033926144500000003,0.004167057207198276,0.007216371868588344,-0.020955376,0.058638647,1.1477514173240113,1.1921814588427733,0.2426681804047885,0.7207080347502376,2.025761241276618,-16.044674904353116,-15.62514894315727,1.907142839308044,-23.64977439975236,-8.83560973620339,-16.662679077837556,-16.30116626963053,1.986162651121767,-23.10740897315816,-10.416785085059818,0.598472977158564,0.676017326473258,0.8712669193565113,-1.4224063619525964,3.065882575707395,-16.412070751342874,-15.963157606393903,1.897693713939698,-23.37859168645526,-9.990743890970272,0.029310956,0.029039010900862066,0.00414042060567977,0.01778464,0.039173044,0.025790341,0.02559303365948276,0.004139590097707188,0.013335507,0.035656676,0.003297546,0.003445977256008621,0.0041545550769941176,-0.009454338,0.017454963,1.1233027574480898,1.1525152573675959,0.18903495904511725,0.7243434435163499,1.965946065184233,-15.329701560554435,-15.417939642952032,0.6606023854991383,-17.499549167220756,-14.07012676696851,-15.885429911941099,-15.97928195221934,0.7413331612732766,-18.74990456447372,-14.4785914892244,0.5049682278707994,0.5613423092673094,0.6874385429383328,-1.4005546657854708,2.9357159900469227,-15.594287621900602,-15.698610797585683,0.6122436167784815,-17.984881138971396,-14.310231270205255,0.06844484249999999,0.062194791741379304,0.03372305824195345,0.008098903,0.12518021,0.078829505,0.06979345942974138,0.03928432734223376,0.0041484837,0.13982323,-0.0042101742,-0.007598667765448276,0.014412932637901454,-0.051249452,0.030994385,0.9134051743203333,0.930307033295986,0.1906088503777883,0.552124608721349,1.9567609188974744,-11.64659305089346,-12.80243258374277,2.6317855924347837,-20.91573796452177,-9.024643081043983,-11.033531646962796,-12.406088092794123,2.8674663780716765,-23.8211060747137,-8.544206754633219,-0.39338590393933615,-0.396344490948646,0.8366536535533102,-2.5796289548596008,2.915377659233122,-11.115100406168674,-12.604260338268446,2.7201713333829507,-22.36842201961774,-9.034633635643424,0.0262489695,0.02548884479310345,0.004026421153216963,0.014171796,0.034685403,0.026426561,0.026169644797413794,0.004754363723198293,0.012435289,0.037605032,-0.0011609653,-0.0006807999513017243,0.006455066012735772,-0.018318031,0.017428596,0.9568548308112674,1.014993517877447,0.2902129480669471,0.5128835198036404,2.243361215069393,-15.8088775075909,-15.994678648041372,0.7277406385660897,-18.48575110306019,-14.598532538167143,-15.779593560934845,-15.900570725240742,0.8522120688198073,-19.053441136165542,-14.247540336605711,-0.19153961333873054,-0.09410792280062828,1.1574591659632885,-2.8998125562673867,3.508992072040993,-15.846649674171426,-15.947624686641056,0.5413021276637016,-17.72963024103639,-14.959928052404194,2.337183333333334,1.6628166666666662,2.4766666666666666,1.5233333333333334,1.4000221,2.5999778509140015,2.03086308193189,1.9691369180681102,2.0753860862673315,1.9246139137326685
"(850.0, 4.0, -15.0)",4.0,-15.0,850.0,227,-15.0,-15.0,0.0,-15.0,-15.0,850.0,850.0,0.0,850.0,850.0,0.027105536,0.04071135172246696,0.027147901318479183,0.007901257,0.10754356,0.03195434,0.045438206334801765,0.02831628177562539,0.014579358,0.1357146,-0.0040513426,-0.004726854880211454,0.012527315532053494,-0.05492281,0.03626965,0.8937952344822176,0.9096978242570474,0.24666840852417016,0.1257679874421757,2.042671528866376,-15.669419953041212,-14.676090261775252,2.4500350852988033,-21.02303817128703,-9.684155997769906,-14.954701394782717,-14.104045962197741,2.308570791475576,-18.362616121946992,-8.673734115464558,-0.4876196522570808,-0.5720442995775076,1.2317078453148833,-9.004298886168677,3.1019853567794904,-15.362353678570129,-14.390068111986496,2.2993062986849058,-17.53404944194378,-9.66458035784655,0.035547506,0.06746019491189428,0.04073820451118778,0.015464282,0.13504356,0.035099767,0.06257537803083701,0.03667539583286309,0.018162519,0.13495705,0.002049962,0.004884816897911894,0.014071448996419829,-0.032464854,0.054458585,1.053027379253605,1.076810120123189,0.2006534635096783,0.7319273506011397,1.9806182759800643,-14.491908630108728,-12.611472253257425,2.868806362647612,-18.106702487275232,-8.695261170613506,-14.54695764617509,-12.863480864774743,2.735827152366426,-17.40823924573975,-8.698044385418353,0.2243966322764148,0.2520086115173184,0.7667629835559588,-1.3553202385315348,2.968007821503349,-14.74063175595595,-12.737476559016084,2.776764071497342,-17.611192465335073,-8.69665277801593,0.07792998,0.07245747296035242,0.039609553500024916,0.022706764,0.13402751,0.08472263,0.07227202666960353,0.039305121067248004,0.02511402,0.13390473,-0.00032014586,0.00018544638515418494,0.012228654304622106,-0.05161503,0.043912515,0.9928111008217604,1.0106212278578781,0.15225278960193675,0.6016002446846701,1.5082960437368738,-11.082954293452945,-12.16014420051459,2.658514554094141,-16.43844757252109,-8.728060479178621,-10.720005676275097,-12.157556396609902,2.6306754204796867,-16.00083758454823,-8.732040970606809,-0.0313337554364068,-0.002587803904685504,0.6505557476506656,-2.206919957723457,1.7848659189704943,-10.625769087145306,-12.158850298562244,2.6245515247224316,-15.97827233030324,-8.93637946873987,0.024769736,0.024771239224669603,0.003965769448298166,0.011641157,0.033400223,0.031696342,0.03037047670484581,0.004959251922747535,0.01708953,0.03777244,-0.0061168578,-0.005599237422938326,0.005283646229072709,-0.016880304,0.010226332,0.8129725582037576,0.8343795739332697,0.18061053762821383,0.4866515355782733,1.5053238110052605,-16.06078614197189,-16.120137201370206,0.7380191001432905,-19.340038587538807,-14.76250637986782,-14.989908567116402,-15.241435780560616,0.7861237302004163,-17.672698601703782,-14.228249666428068,-0.8992411370215248,-0.8787014208095878,0.8818121064148342,-3.127819018780944,1.7762993131084297,-15.576649814206014,-15.680786490965412,0.6220395549523543,-17.997491137851505,-14.612603019436802,2.395304761904762,1.6046952380952382,2.64,1.3599999999999999,1.5070351,2.4929648637771606,3.2257521048409528,0.7742478951590472,2.1736379152284395,1.8263620847715605
"(850.0, 4.0, 15.0)",4.0,15.0,850.0,227,15.0,15.0,0.0,15.0,15.0,850.0,850.0,0.0,850.0,850.0,0.027105536,0.04071135172246696,0.027147901318479183,0.007901257,0.10754356,0.03195434,0.045438206334801765,0.02831628177562539,0.014579358,0.1357146,-0.0040513426,-0.004726854880211454,0.012527315532053494,-0.05492281,0.03626965,0.8937952344822176,0.9096978242570474,0.24666840852417016,0.1257679874421757,2.042671528866376,-15.669419953041212,-14.676090261775252,2.4500350852988033,-21.02303817128703,-9.684155997769906,-14.954701394782717,-14.104045962197741,2.308570791475576,-18.362616121946992,-8.673734115464558,-0.4876196522570808,-0.5720442995775076,1.2317078453148833,-9.004298886168677,3.1019853567794904,-15.362353678570129,-14.390068111986496,2.2993062986849058,-17.53404944194378,-9.66458035784655,0.035547506,0.06746019491189428,0.04073820451118778,0.015464282,0.13504356,0.035099767,0.06257537803083701,0.03667539583286309,0.018162519,0.13495705,0.002049962,0.004884816897911894,0.014071448996419829,-0.032464854,0.054458585,1.053027379253605,1.076810120123189,0.2006534635096783,0.7319273506011397,1.9806182759800643,-14.491908630108728,-12.611472253257425,2.868806362647612,-18.106702487275232,-8.695261170613506,-14.54695764617509,-12.863480864774743,2.735827152366426,-17.40823924573975,-8.698044385418353,0.2243966322764148,0.2520086115173184,0.7667629835559588,-1.3553202385315348,2.968007821503349,-14.74063175595595,-12.737476559016084,2.776764071497342,-17.611192465335073,-8.69665277801593,0.07792998,0.07245747296035242,0.039609553500024916,0.022706764,0.13402751,0.08472263,0.07227202666960353,0.039305121067248004,0.02511402,0.13390473,-0.00032014586,0.00018544638515418494,0.012228654304622106,-0.05161503,0.043912515,0.9928111008217604,1.0106212278578781,0.15225278960193675,0.6016002446846701,1.5082960437368738,-11.082954293452945,-12.16014420051459,2.658514554094141,-16.43844757252109,-8.728060479178621,-10.720005676275097,-12.157556396609902,2.6306754204796867,-16.00083758454823,-8.732040970606809,-0.0313337554364068,-0.002587803904685504,0.6505557476506656,-2.206919957723457,1.7848659189704943,-10.625769087145306,-12.158850298562244,2.6245515247224316,-15.97827233030324,-8.93637946873987,0.024769736,0.024771239224669603,0.003965769448298166,0.011641157,0.033400223,0.031696342,0.03037047670484581,0.004959251922747535,0.01708953,0.03777244,-0.0061168578,-0.005599237422938326,0.005283646229072709,-0.016880304,0.010226332,0.8129725582037576,0.8343795739332697,0.18061053762821383,0.4866515355782733,1.5053238110052605,-16.06078614197189,-16.120137201370206,0.7380191001432905,-19.340038587538807,-14.76250637986782,-14.989908567116402,-15.241435780560616,0.7861237302004163,-17.672698601703782,-14.228249666428068,-0.8992411370215248,-0.8787014208095878,0.8818121064148342,-3.127819018780944,1.7762993131084297,-15.576649814206014,-15.680786490965412,0.6220395549523543,-17.997491137851505,-14.612603019436802,2.3969714285714288,1.6030285714285712,2.64,1.3599999999999999,1.5070351,2.4929648637771606,3.0942788553319005,0.9057211446680995,2.1735227748968238,1.8264772251031762
"(850.0, 4.0, 30.0)",4.0,30.0,850.0,232,30.0,30.0,0.0,30.0,30.0,850.0,850.0,0.0,850.0,850.0,0.024861796999999998,0.03089003495689655,0.019733364337479204,0.004315415,0.1307492,0.0215641425,0.026722977702586206,0.017743120534989484,0.00488944,0.09084928,0.0033926144500000003,0.004167057207198276,0.007216371868588344,-0.020955376,0.058638647,1.1477514173240113,1.1921814588427733,0.2426681804047885,0.7207080347502376,2.025761241276618,-16.044674904353116,-15.62514894315727,1.907142839308044,-23.64977439975236,-8.83560973620339,-16.662679077837556,-16.30116626963053,1.986162651121767,-23.10740897315816,-10.416785085059818,0.598472977158564,0.676017326473258,0.8712669193565113,-1.4224063619525964,3.065882575707395,-16.412070751342874,-15.963157606393903,1.897693713939698,-23.37859168645526,-9.990743890970272,0.029310956,0.029039010900862066,0.00414042060567977,0.01778464,0.039173044,0.025790341,0.02559303365948276,0.004139590097707188,0.013335507,0.035656676,0.003297546,0.003445977256008621,0.0041545550769941176,-0.009454338,0.017454963,1.1233027574480898,1.1525152573675959,0.18903495904511725,0.7243434435163499,1.965946065184233,-15.329701560554435,-15.417939642952032,0.6606023854991383,-17.499549167220756,-14.07012676696851,-15.885429911941099,-15.97928195221934,0.7413331612732766,-18.74990456447372,-14.4785914892244,0.5049682278707994,0.5613423092673094,0.6874385429383328,-1.4005546657854708,2.9357159900469227,-15.594287621900602,-15.698610797585683,0.6122436167784815,-17.984881138971396,-14.310231270205255,0.06844484249999999,0.062194791741379304,0.03372305824195345,0.008098903,0.12518021,0.078829505,0.06979345942974138,0.03928432734223376,0.0041484837,0.13982323,-0.0042101742,-0.007598667765448276,0.014412932637901454,-0.051249452,0.030994385,0.9134051743203333,0.930307033295986,0.1906088503777883,0.552124608721349,1.9567609188974744,-11.64659305089346,-12.80243258374277,2.6317855924347837,-20.91573796452177,-9.024643081043983,-11.033531646962796,-12.406088092794123,2.8674663780716765,-23.8211060747137,-8.544206754633219,-0.39338590393933615,-0.396344490948646,0.8366536535533102,-2.5796289548596008,2.915377659233122,-11.115100406168674,-12.604260338268446,2.7201713333829507,-22.36842201961774,-9.034633635643424,0.0262489695,0.02548884479310345,0.004026421153216963,0.014171796,0.034685403,0.026426561,0.026169644797413794,0.004754363723198293,0.012435289,0.037605032,-0.0011609653,-0.0006807999513017243,0.006455066012735772,-0.018318031,0.017428596,0.9568548308112674,1.014993517877447,0.2902129480669471,0.5128835198036404,2.243361215069393,-15.8088775075909,-15.994678648041372,0.7277406385660897,-18.48575110306019,-14.598532538167143,-15.779593560934845,-15.900570725240742,0.8522120688198073,-19.053441136165542,-14.247540336605711,-0.19153961333873054,-0.09410792280062828,1.1574591659632885,-2.8998125562673867,3.508992072040993,-15.846649674171426,-15.947624686641056,0.5413021276637016,-17.72963024103639,-14.959928052404194,2.339266666666667,1.660733333333333,2.4766666666666666,1.5233333333333334,1.4000221,2.5999778509140015,1.9959248760824557,2.004075123917544,2.0754692297719,1.9245307702280998
"(850.0, 4.0, 45.0)",4.0,45.0,850.0,250,45.0,45.0,0.0,45.0,45.0,850.0,850.0,0.0,850.0,850.0,0.0289520085,0.0402704135412,0.020214394364676074,0.0045342003,0.091780156,0.0413612125,0.0593308900028,0.03131297227372818,0.0072949077,0.12054795,-0.014714265,-0.019060476402012,0.015834304722742,-0.07218142,0.0091028325,0.6934521046503419,0.706955120725574,0.15579261848349676,0.3841649001999893,1.4584507044161512,-15.38321308732877,-14.45879579119833,2.087244388626412,-23.43499298613117,-10.37251208946386,-13.834069781215348,-12.854402339574689,2.2557725962291717,-21.36980198641336,-9.188401697288436,-1.5898354407927435,-1.6043934516236413,0.9176209898477635,-4.154823176162127,1.638917545822089,-14.66408294587671,-13.656599065386509,2.1241568919510567,-22.402397486272267,-10.177703687907616,0.0265100055,0.026440309096,0.004072461436846919,0.014443773,0.03676457,0.0365554055,0.036751689024,0.0063006091758693985,0.02327707,0.0565736,-0.00939342575,-0.010311379950912001,0.006552311285828677,-0.027300857,0.0049096216,0.7356931124149535,0.735686514421174,0.14545752511931836,0.3653143503081239,1.2109209394346394,-15.765903412838467,-15.830670398922601,0.690588186826131,-18.40319350245032,-14.345705141326002,-14.370484159832172,-14.411660059220358,0.7540754757717882,-16.330716803941424,-12.473861877593794,-1.3330331024054862,-1.4190103397022444,0.872713751569367,-4.373332674316476,0.8311578916331062,-15.04281729275589,-15.12116522907148,0.5765098528451671,-16.75626885096263,-13.904613871313112,0.027501963499999997,0.02770747042,0.004469138097852316,0.015657013,0.040573165,0.031730447,0.03074625044,0.005106620065332098,0.015559875,0.04052717,-0.0026694834,-0.0030387800101199995,0.005822211032605984,-0.017406264,0.013866678,0.9057082308349313,0.9202453471812511,0.18162836226416987,0.5477588772989455,1.5622455697492563,-15.606364330568471,-15.63057330061179,0.7048698843256761,-18.052910799756688,-13.917611147758194,-14.98523880067617,-15.18603515785677,0.7614894439192923,-18.079938848609785,-13.922537361859408,-0.43011886481145734,-0.4445381427550202,0.8557495906779338,-2.614105752606603,1.9374930177050995,-15.303280651769583,-15.408304229234279,0.5960511916174142,-17.91153230498017,-14.359619924295806,0.025501526,0.02567271272,0.003971041433515543,0.016330415,0.035194248,0.029033813999999998,0.028804698162,0.004654562616380854,0.0041646995,0.03742321,-0.0032353297999999997,-0.003131985457364,0.005337357738059044,-0.016806012,0.015156109,0.8869261114652214,0.921737274506656,0.2972074791415268,0.5349754650582309,4.639184293753564,-15.934381608803553,-15.958314845146639,0.685280957872225,-17.870027683143668,-14.53528310455727,-15.370967493284358,-15.476876560653482,0.8690366907848741,-23.80416332780896,-14.2685898241673,-0.5211259047454675,-0.4814382844931566,0.9749940226998236,-2.7166613502950163,6.664416254341958,-15.686786137973856,-15.71759570290006,0.612179748522608,-20.471955200637986,-14.756257968835545,1.5880666666666663,2.4119333333333337,1.5583333333333333,2.4416666666666664,1.330012,2.6699880361557007,1.8318267062359745,2.1681732937640255,1.6808071933861928,2.319192806613807
"(850.0, 4.0, 60.0)",4.0,60.0,850.0,229,60.0,60.0,0.0,60.0,60.0,850.0,850.0,0.0,850.0,850.0,0.027754117,0.03823382399563319,0.025680642303120768,0.008884679,0.122735426,0.024680372,0.033128343631004364,0.02184285161040109,0.0078346245,0.11328183,0.0035753772,0.005105480428283842,0.009351298480896119,-0.015449859,0.043063976,1.137355019390902,1.1753412896921944,0.2504411643942029,0.6416483390834609,2.0486516174817906,-15.566725882951935,-14.839104397668104,2.1802575977770275,-20.51358278225489,-9.110300662681704,-16.07648292814565,-15.446236652994132,2.172336193886669,-21.059818136752952,-9.458397394362596,0.55896048611352,0.6071322553260307,0.9046229955498157,-1.927029255503744,3.114681109433601,-15.9459182110133,-15.14267052533112,2.1287785640944095,-20.78670045950392,-9.40075122429622,0.027895719,0.02772738123144105,0.003937308806872914,0.018266387,0.038244694,0.022464987,0.022419623034934503,0.0037106106593396563,0.012889334,0.033299375,0.0057726987,0.005307758196550219,0.004412072283694756,-0.010780683,0.015836107,1.2389987637722408,1.262285931008521,0.22984800994453028,0.6519226110523616,2.0638675924751326,-15.544624432549872,-15.616213744510732,0.6361003627987682,-17.383473386584708,-14.174288042017086,-16.484938304841425,-16.554964964512795,0.7398103973392712,-18.89769522280583,-14.775639134853956,0.9307087306954536,0.9387512200020635,0.8039200522421917,-1.858039557614756,3.146818316802012,-16.037504735034865,-16.08558935451176,0.5607135500259784,-17.978193919411765,-14.864972623420757,0.029688388,0.029388499004366814,0.0036173268117987265,0.021020645,0.03875621,0.030238908,0.03042510734279476,0.004027079544918083,0.0155637255,0.039563246,-0.0013417676,-0.0010366083038427947,0.0044115334486830825,-0.013457358,0.012537933,0.9613354905778158,0.9788983568082844,0.15686911741568033,0.6505292803278455,1.805586873006641,-15.274133811794972,-15.351817446122315,0.545579970344075,-16.77353956442221,-14.116586955297654,-15.19433899394934,-15.207770479779942,0.6025226111374888,-18.07886437668087,-14.027080827606635,-0.1712502409788996,-0.14404696634237132,0.6601535695088699,-1.8673315104719936,2.5661838868512508,-15.227039592450474,-15.279793962951125,0.47052610623903096,-16.91394338364941,-14.217151931230374,0.029127788,0.049817833125327504,0.033964593726385654,0.0077630207,0.12752117,0.033620566,0.05635208773362446,0.036737299873530194,0.007272695,0.14173526,-0.0046427473,-0.006534254614434498,0.01357200201642225,-0.07880722,0.043556005,0.8700163853021962,0.8863063082629816,0.1739192647985917,0.4439829422536184,1.518738973650398,-15.35692497963832,-13.974684055539203,2.8121586035446247,-21.099692560595088,-8.944177039211109,-14.7339497782807,-13.366725613596486,2.7147838446262016,-21.38304613874681,-8.485221083985607,-0.6047256807397439,-0.6079584419427216,0.86084033342728,-3.526337150754024,1.814831378921827,-15.217991198177288,-13.670704834567843,2.730179874541774,-21.241369349670947,-9.344620335070518,2.7704523809523818,1.2295476190476182,2.8366666666666664,1.1633333333333336,2.1072326,1.8927674293518066,2.2393413558562,1.7606586441438,2.326536499924197,1.673463500075803
