group,distance_m,angle_deg,frequency_mhz,num_windows,angle_deg_median,angle_deg_mean,angle_deg_std,angle_deg_min,angle_deg_max,frequency_mhz_median,frequency_mhz_mean,frequency_mhz_std,frequency_mhz_min,frequency_mhz_max,pair13_power1_median,pair13_power1_mean,pair13_power1_std,pair13_power1_min,pair13_power1_max,pair13_power2_median,pair13_power2_mean,pair13_power2_std,pair13_power2_min,pair13_power2_max,pair13_power_diff_median,pair13_power_diff_mean,pair13_power_diff_std,pair13_power_diff_min,pair13_power_diff_max,pair13_power_ratio_median,pair13_power_ratio_mean,pair13_power_ratio_std,pair13_power_ratio_min,pair13_power_ratio_max,pair13_rssi1_median,pair13_rssi1_mean,pair13_rssi1_std,pair13_rssi1_min,pair13_rssi1_max,pair13_rssi2_median,pair13_rssi2_mean,pair13_rssi2_std,pair13_rssi2_min,pair13_rssi2_max,pair13_rssi_diff_median,pair13_rssi_diff_mean,pair13_rssi_diff_std,pair13_rssi_diff_min,pair13_rssi_diff_max,pair13_rssi_mean_median,pair13_rssi_mean_mean,pair13_rssi_mean_std,pair13_rssi_mean_min,pair13_rssi_mean_max,pair14_power1_median,pair14_power1_mean,pair14_power1_std,pair14_power1_min,pair14_power1_max,pair14_power2_median,pair14_power2_mean,pair14_power2_std,pair14_power2_min,pair14_power2_max,pair14_power_diff_median,pair14_power_diff_mean,pair14_power_diff_std,pair14_power_diff_min,pair14_power_diff_max,pair14_power_ratio_median,pair14_power_ratio_mean,pair14_power_ratio_std,pair14_power_ratio_min,pair14_power_ratio_max,pair14_rssi1_median,pair14_rssi1_mean,pair14_rssi1_std,pair14_rssi1_min,pair14_rssi1_max,pair14_rssi2_median,pair14_rssi2_mean,pair14_rssi2_std,pair14_rssi2_min,pair14_rssi2_max,pair14_rssi_diff_median,pair14_rssi_diff_mean,pair14_rssi_diff_std,pair14_rssi_diff_min,pair14_rssi_diff_max,pair14_rssi_mean_median,pair14_rssi_mean_mean,pair14_rssi_mean_std,pair14_rssi_mean_min,pair14_rssi_mean_max,pair23_power1_median,pair23_power1_mean,pair23_power1_std,pair23_power1_min,pair23_power1_max,pair23_power2_median,pair23_power2_mean,pair23_power2_std,pair23_power2_min,pair23_power2_max,pair23_power_diff_median,pair23_power_diff_mean,pair23_power_diff_std,pair23_power_diff_min,pair23_power_diff_max,pair23_power_ratio_median,pair23_power_ratio_mean,pair23_power_ratio_std,pair23_power_ratio_min,pair23_power_ratio_max,pair23_rssi1_median,pair23_rssi1_mean,pair23_rssi1_std,pair23_rssi1_min,pair23_rssi1_max,pair23_rssi2_median,pair23_rssi2_mean,pair23_rssi2_std,pair23_rssi2_min,pair23_rssi2_max,pair23_rssi_diff_median,pair23_rssi_diff_mean,pair23_rssi_diff_std,pair23_rssi_diff_min,pair23_rssi_diff_max,pair23_rssi_mean_median,pair23_rssi_mean_mean,pair23_rssi_mean_std,pair23_rssi_mean_min,pair23_rssi_mean_max,pair24_power1_median,pair24_power1_mean,pair24_power1_std,pair24_power1_min,pair24_power1_max,pair24_power2_median,pair24_power2_mean,pair24_power2_std,pair24_power2_min,pair24_power2_max,pair24_power_diff_median,pair24_power_diff_mean,pair24_power_diff_std,pair24_power_diff_min,pair24_power_diff_max,pair24_power_ratio_median,pair24_power_ratio_mean,pair24_power_ratio_std,pair24_power_ratio_min,pair24_power_ratio_max,pair24_rssi1_median,pair24_rssi1_mean,pair24_rssi1_std,pair24_rssi1_min,pair24_rssi1_max,pair24_rssi2_median,pair24_rssi2_mean,pair24_rssi2_std,pair24_rssi2_min,pair24_rssi2_max,pair24_rssi_diff_median,pair24_rssi_diff_mean,pair24_rssi_diff_std,pair24_rssi_diff_min,pair24_rssi_diff_max,pair24_rssi_mean_median,pair24_rssi_mean_mean,pair24_rssi_mean_std,pair24_rssi_mean_min,pair24_rssi_mean_max
"(850.0, 1.0, -60.0)",1.0,-60.0,850.0,678,-60.0,-60.0,0.0,-60.0,-60.0,850.0,850.0,0.0,850.0,850.0,0.020634477,0.024559687588495572,0.016814952083035593,0.005209472,0.121228084,0.035351003,0.03937027789380532,0.015210558974172388,0.007839162,0.107061215,-0.014592034,-0.014810590269861356,0.009131806656005848,-0.062406078,0.043462545,0.5903814100828333,0.6070414319145789,0.17875598207530105,0.2448628193293813,1.6181814258285925,-16.854065430406465,-16.616962707950872,1.8384097515090538,-22.832062892662886,-9.163967588828578,-14.51598268883159,-14.276562271968375,1.3116777223882652,-21.057303658958265,-9.703678332997644,-2.288673260004823,-2.3404004359824975,1.2162441633241956,-6.110771543322155,2.0902721185341644,-15.758947611731564,-15.446762489959623,1.476587946829305,-21.944683275810576,-9.99574208392108,0.021068866,0.021240223899705018,0.0039483714777991865,0.0106373895,0.034127012,0.0399189185,0.04070484074483775,0.006516568458538349,0.02577456,0.060135577,-0.018913968,-0.019464616822821534,0.006850047203457157,-0.042886518,0.0011893157,0.5221611387869517,0.5319194621417219,0.11902962899434318,0.211162274805827,1.0424080188641205,-16.763588536823505,-16.80624141897993,0.8344434772185902,-19.73164938409677,-14.669017361518268,-13.988212493371995,-13.958748510505789,0.6936062192565946,-15.888087252092692,-12.208685185270843,-2.821955158367926,-2.8474929084741376,0.9614353135229695,-6.753836680442767,0.1803774360104526,-15.370405532576733,-15.38249496474286,0.597999403435979,-17.46029717204504,-13.648756356271544,0.0245245695,0.02457085532964602,0.004053603669936839,0.012526409,0.03522791,0.032188007500000004,0.0320868764100295,0.0038634773666685806,0.020527286,0.04482297,-0.0073275445,-0.007516021085820501,0.0048898317497907875,-0.02471906,0.008937603,0.7698855045926603,0.7736418696487338,0.1413074424793218,0.3363203545337369,1.4031057108471725,-16.103986073094163,-16.158827332529743,0.7558796319548227,-19.021734202140337,-14.53113125740815,-14.923059828913837,-14.969276711957704,0.5379568513707005,-16.87668457110632,-13.484993843158634,-1.135738606680154,-1.189550620572039,0.8193160439351118,-4.732468478033006,1.4709039228831493,-15.510247649615096,-15.564052022243722,0.5124022843509268,-17.745463865406112,-14.370659025687264,0.0189393165,0.024032391717551616,0.018751281380944968,0.00592048,0.116671026,0.0250996625,0.0309002975359882,0.020506922307373186,0.0051697884,0.12848397,-0.0060312115,-0.006867905738706489,0.008496052237742944,-0.068693504,0.022353947,0.7651682451659494,0.7746155956225406,0.19123045692220628,0.254626634420934,1.716594704759043,-17.22635761337248,-16.866334653202568,2.0749831571324284,-22.276430811658287,-9.330369838646606,-16.003321255157843,-15.623051050980095,1.8442282995677763,-22.8652723423695,-8.911510662225052,-1.1624308715637799,-1.2432836022224703,1.0938238570024523,-5.940961702437093,2.34667768522316,-16.688134866938093,-16.244692852091333,1.885272899109841,-22.570851577013894,-9.171986353938916
"(850.0, 1.0, -45.0)",1.0,-45.0,850.0,694,-45.0,-45.0,0.0,-45.0,-45.0,850.0,850.0,0.0,850.0,850.0,0.03580052,0.0414262162795389,0.018535988282169527,0.01525199,0.11770156,0.04444368,0.04980389078386167,0.01698054087705406,0.021960095,0.10838835,-0.0097919705,-0.008377674539742076,0.010608766856235779,-0.045211546,0.0349705,0.7926622628695559,0.8281386593253452,0.20016168382672272,0.4212315389828132,1.4910565780874423,-14.461106997756591,-14.179166497873865,1.6783260111370448,-18.16673476506659,-9.292177800813011,-13.521901600841463,-13.238144130444141,1.3015274163366606,-16.58365793909622,-9.650173972880255,-1.0091191541207598,-0.9410223674297247,1.0259355800847911,-3.754791191989593,1.73494123062898,-14.060972272984424,-13.708655314159005,1.411467305305583,-17.06465245437867,-10.00123001659556,0.0360987655,0.03972476379250721,0.014866737952290057,0.009616189,0.11764374,0.050857223,0.05291220315850144,0.010703456624881702,0.016261326,0.09980537,-0.013711214999999999,-0.013187439328848702,0.009825940467939857,-0.044335403,0.053838372,0.7236723254700226,0.7446583326711372,0.17206290877016361,0.3555082845064202,2.31387568433106,-14.425076925627115,-14.224536525235388,1.2769798987181136,-20.169970227585303,-9.294311909791617,-12.936473972817168,-12.840808351320332,0.7940962985117525,-17.888440395421995,-10.008460911032667,-1.4045820704276784,-1.3837281739150527,0.9347035237099911,-4.491502743105855,3.643400222696908,-13.68865835766887,-13.532672438277862,0.9550997996079396,-19.02920531150365,-9.685264244893494,0.037421301,0.0467572056368876,0.02248377958823604,0.002982459,0.11447515,0.0452611985,0.05755751114048992,0.026122650321994532,0.0054973145,0.13676101,-0.009130314,-0.01080030549170029,0.011177482558983381,-0.06768529,0.033873856,0.805652086959499,0.8153094988981263,0.13948050156613448,0.4463748524626774,1.5984981441092694,-14.268811885697115,-13.691879847288345,1.7515081324199884,-25.254255132163127,-9.412887658798413,-13.442739519647297,-12.742581901035262,1.6288682067005837,-22.59849416242111,-8.640377015067886,-0.9385246390076674,-0.9492979462530864,0.7382201036745344,-3.503002803244094,2.037121363875644,-13.870440299549397,-13.217230874161803,1.6505314162412534,-23.92637464729212,-9.26662963974659,0.056046153,0.05831940958789625,0.018109091662154696,0.010389596,0.130625,0.040145956,0.049465570175792506,0.02297625076224931,0.008080565,0.11962839,0.010724796,0.008853839376002882,0.01662589799302103,-0.074536964,0.04133158,1.2813764802883865,1.2691268219731322,0.3262966843206342,0.3112158986956529,1.992908134517804,-12.51454217718292,-12.538006717723174,1.301097109329118,-19.834013302806664,-8.839737143768547,-13.963581989280126,-13.413267574570872,1.6503010139934147,-20.925582519501003,-9.22165734265128,1.0767663180593265,0.8752608568476965,1.2218337199335523,-5.069382248461173,2.994872798467803,-13.293825544364744,-12.975637146147026,1.3546047957077638,-20.37979791115384,-9.251129754063696
"(850.0, 1.0, -30.0)",1.0,-30.0,850.0,499,-30.0,-30.0,0.0,-30.0,-30.0,850.0,850.0,0.0,850.0,850.0,0.028732115,0.039397005899799595,0.026889017623711268,0.015472144,0.13172778,0.04578055,0.052128195775551105,0.021346686115479203,0.018046064,0.11844665,-0.013359439,-0.01273118981451944,0.013518277745041012,-0.04081118,0.06655009,0.6979972898187443,0.7301448446658744,0.2319263065512847,0.282241881517967,2.0982534636672407,-15.416323978721586,-14.692042965785218,2.115315173836289,-18.10449504344724,-8.80322611185875,-13.3931898754669,-13.124972571374878,1.5364104985461982,-17.43617499449265,-9.26477224707096,-1.5614626363748254,-1.5670703944103401,1.3126134227085908,-5.493785413605231,3.2185794869566138,-14.445273942507743,-13.908507768580048,1.7282416650989016,-17.29055634828586,-9.1988320448119,0.030918788,0.032325950456913825,0.010419556760945465,0.009699011,0.09935642,0.0478734,0.04853729995591182,0.010913766948045476,0.016742047,0.107083894,-0.016118508,-0.016211349512064127,0.00764484552882984,-0.057044726,0.020879962,0.6594933646359318,0.6676102719010554,0.12440713487734559,0.2438109373118481,1.2861758349892147,-15.09777536202491,-15.066718074316158,1.1224097328162959,-20.13272538155204,-10.028040638558773,-13.199057261606765,-13.236379286772223,0.9038404701967597,-17.761914451951313,-9.70275843237264,-1.8078956964324888,-1.8303387875439354,0.8197660541991876,-6.12946815868764,1.0930034568876827,-14.194182567346877,-14.151548680544192,0.9329316727600144,-18.32655958283474,-10.31497595438243,0.029841855,0.03735227439478959,0.02178207484619325,0.009461648,0.12534235,0.042951837,0.05126063310120241,0.02305640339014345,0.0116176875,0.13431618,-0.0133969225,-0.013908358697915832,0.007910448459542887,-0.05387114,0.034633413,0.7052112850941855,0.7113857617920654,0.13060746333584503,0.3940304443818941,1.559806204979352,-15.251741817099443,-14.75953389949151,1.8498571998563897,-20.24033220682646,-9.019021526427991,-13.67018255315985,-13.209603357009339,1.503108061849296,-19.34880308444501,-8.71871680545083,-1.5168074653740522,-1.5499305424821683,0.7859072837419089,-4.044702215118145,1.930706436562236,-14.475432650292994,-13.984568628250424,1.638975346998479,-19.79456764563573,-9.16578574174987,0.02708717,0.027664241669338677,0.005134535925987158,0.016124427,0.04522367,0.040799923,0.04114004761523046,0.005118024622000797,0.027790612,0.056344137,-0.013186745,-0.013475805885771543,0.005566193450041746,-0.034548104,0.0017097369,0.68497242699774,0.6767479292482813,0.11823059999042328,0.371015733117612,1.0433080636486576,-15.672363564735182,-15.65486021774302,0.804402707679826,-17.925157009634518,-13.446342137175414,-13.893406539578423,-13.890847407396006,0.5405685789796708,-15.561018952420657,-12.49151271741729,-1.643269103077671,-1.7640128103470125,0.7797979973702603,-4.306076734868622,0.1841256403459716,-14.804980263880362,-14.77285381256951,0.563575924943304,-16.43722722438965,-13.156217735264342
"(850.0, 1.0, -15.0)",1.0,-15.0,850.0,564,-15.0,-15.0,0.0,-15.0,-15.0,850.0,850.0,0.0,850.0,850.0,0.044166039500000004,0.051969570101063824,0.02116907559853238,0.006999634,0.12356611,0.055170644,0.06172378493617021,0.017733343018238087,0.008810262,0.1257246,-0.0110100655,-0.009754214911241134,0.01039252538763836,-0.04906138,0.043177783,0.8024179204949988,0.8281510187136383,0.14477392186166008,0.5137033464277887,1.7042320339393011,-13.549115489915886,-13.118877207023292,1.4660592676968118,-21.54924655114913,-9.081006131901308,-12.582919543070705,-12.243769245962632,1.1013927730785575,-20.55011166626068,-9.005797416989074,-0.9559938262379442,-0.8751079610606619,0.6751428076941601,-2.8928760512500347,2.315287243544798,-13.067096898004037,-12.681323226492962,1.2518959444775777,-21.0496791087049,-9.353284015333886,0.029892315500000002,0.030682887620567385,0.006179950982221473,0.015087258,0.05333037,0.0482759475,0.048513741257092194,0.00783378355425951,0.03198929,0.078743055,-0.017889864499999998,-0.01783085365868794,0.007414570996825002,-0.043427575,0.0034847334,0.6301613116371693,0.6394597881568383,0.12325595057075187,0.3352206881561254,1.0922534684532086,-15.24440738064056,-15.219141415188242,0.8804391695341263,-18.21389680869072,-12.73025408964964,-13.16269197895841,-13.196710527369351,0.6918564614169823,-14.949953811411676,-11.037877373062845,-2.0054827192596987,-2.0224308878188872,0.8411786167520229,-4.7466918668722045,0.3832343249737153,-14.231084903742648,-14.207925971278796,0.6708381927909091,-15.91776141681656,-12.454371244410316,0.030790275,0.03078911367907802,0.00498230678314533,0.01743472,0.04368587,0.0399449095,0.0407147144858156,0.004844365039323772,0.02969008,0.05874095,-0.009682099999999999,-0.009925600851920213,0.005874633624004683,-0.03278663,0.004528351,0.7555494147627086,0.7621618734832657,0.12798428966877737,0.3994643150094975,1.119870056675341,-15.115864447922577,-15.17453189303611,0.7208313975878851,-17.58585024182999,-13.596590270028354,-13.98538689727799,-13.932412041842584,0.5079653751765515,-15.273886410882746,-12.310590257460005,-1.2173712668620604,-1.2421198511935274,0.7450892800801658,-3.9852201103665976,0.4916763255289975,-14.516020973226281,-14.55347196743935,0.5000238536717865,-15.891376401457832,-13.360819407747128,0.0424261275,0.04235025873226951,0.005771234067197111,0.018910185,0.05693755,0.0520469525,0.052275128420212764,0.004576951389671167,0.040839337,0.06963174,-0.009773736500000001,-0.009924869700319148,0.0055041227585442085,-0.031815745,0.0048436187,0.8134665933904588,0.8120091773063282,0.10191927131606544,0.3775058520474538,1.0986797306505065,-13.723666265582477,-13.776556022918694,0.6491992931431999,-17.23304233793502,-12.446012299169048,-12.83604722431135,-12.833537707979174,0.37846612478925423,-13.88921318998879,-11.571927494575975,-0.8966027863225836,-0.9430183149395186,0.601967144832726,-4.230763115823173,0.4087111237508445,-13.286150246068964,-13.305046865448933,0.43790073538508306,-15.137417392018593,-12.304669180955418
"(850.0, 1.0, 0.0)",1.0,0.0,850.0,750,0.0,0.0,0.0,0.0,0.0,850.0,850.0,0.0,850.0,850.0,0.09739643,0.097707588692,0.017194357717760966,0.018831732,0.13758273,0.11096872999999999,0.11195435048800001,0.012849357547946916,0.013188519,0.14331776,-0.01317647475,-0.014246761709986266,0.020236080776903965,-0.0669518,0.045104295,0.879890807620591,0.8830861271415315,0.17945618845373779,0.4620017731024095,1.6335372916111928,-10.114579520738506,-10.175328090148215,0.8390064975094057,-17.251097407374818,-8.614360639196232,-9.547993997091815,-9.545264725178527,0.6137568898807325,-18.798039843315813,-8.436999912192393,-0.5557122016468723,-0.6300633649696888,0.8907013918050277,-3.3535635766729044,2.131290533276477,-9.830564641264345,-9.86029640766337,0.5847883967972362,-18.02456862534532,-8.827218527680774,0.09992105,0.10146126594533333,0.015437431573719667,0.040235933,0.14202733,0.11168782499999999,0.11228903787599999,0.013089534508578419,0.039518252,0.14102355,-0.01176309225,-0.010827771905800001,0.01936841730439951,-0.056530386,0.04744137,0.8914668596253166,0.9150865640516945,0.17232613822753534,0.5896726198159138,1.6279338755404231,-10.003431024186725,-9.987761784182814,0.6685226860039896,-13.95385924592202,-8.476280669291173,-9.519941574595567,-9.527963805751074,0.5332523493169675,-14.03202273511161,-8.507083678897294,-0.4989479986074956,-0.45979797843173903,0.8003476690681305,-2.293890372820094,2.1163676046410007,-9.736339701437227,-9.757862794966943,0.4533224316436701,-13.992940990516814,-8.655639608697165,0.10400003499999999,0.103793390744,0.026490340267065725,0.03814706,0.16013005,0.10335259299999999,0.10415914448751999,0.012774592477190613,0.00039302764,0.13579367,-0.0032844693,-0.0003657536355386668,0.026135618070813257,-0.0636746,0.09273829,0.9689398633027329,1.3153576135489262,8.619680023967852,0.4891556171852917,236.9586974499478,-9.829665119554864,-9.98410420654132,1.1396581548069997,-14.18538946475251,-7.9552715054760785,-9.856786531448197,-9.88132491258925,1.0368770690262894,-34.05576901518629,-8.671204709113004,-0.1370321123440172,-0.1027792939520713,1.4020435757779444,-3.105529549114312,23.746726538934155,-9.889602100271976,-9.932714559565285,0.8339879111535554,-22.18240574571921,-8.63280876768199,0.10710752000000001,0.10693512681866665,0.012844566948525574,0.011942582,0.13536325,0.104137205,0.106241222308,0.015761306151729722,0.014151506,0.14318743,0.0021979101,0.0006939042789066668,0.018165540898515128,-0.04952824,0.039795764,1.020879544756836,1.024108848153571,0.16996566454617987,0.6010806089124506,1.5009955367358194,-9.701800362487704,-9.747053795353965,0.631859695754937,-19.22901760598316,-8.684992238811695,-9.823942024776114,-9.78872086169811,0.7013080953010106,-18.49197336266579,-8.44095095218168,0.08974501967263035,0.041667066344145666,0.741541773141993,-2.21067282303652,1.76379400859531,-9.769870149908078,-9.767887328526037,0.5550394666133964,-18.86049548432448,-8.580214011832878
"(850.0, 1.0, 15.0)",1.0,15.0,850.0,564,15.0,15.0,0.0,15.0,15.0,850.0,850.0,0.0,850.0,850.0,0.044166039500000004,0.051969570101063824,0.02116907559853238,0.006999634,0.12356611,0.055170644,0.06172378493617021,0.017733343018238087,0.008810262,0.1257246,-0.0110100655,-0.009754214911241134,0.01039252538763836,-0.04906138,0.043177783,0.8024179204949988,0.8281510187136383,0.14477392186166008,0.5137033464277887,1.7042320339393011,-13.549115489915886,-13.118877207023292,1.4660592676968118,-21.54924655114913,-9.081006131901308,-12.582919543070705,-12.243769245962632,1.1013927730785575,-20.55011166626068,-9.005797416989074,-0.9559938262379442,-0.8751079610606619,0.6751428076941601,-2.8928760512500347,2.315287243544798,-13.067096898004037,-12.681323226492962,1.2518959444775777,-21.0496791087049,-9.353284015333886,0.029892315500000002,0.030682887620567385,0.006179950982221473,0.015087258,0.05333037,0.0482759475,0.048513741257092194,0.00783378355425951,0.03198929,0.078743055,-0.017889864499999998,-0.01783085365868794,0.007414570996825002,-0.043427575,0.0034847334,0.6301613116371693,0.6394597881568383,0.12325595057075187,0.3352206881561254,1.0922534684532086,-15.24440738064056,-15.219141415188242,0.8804391695341263,-18.21389680869072,-12.73025408964964,-13.16269197895841,-13.196710527369351,0.6918564614169823,-14.949953811411676,-11.037877373062845,-2.0054827192596987,-2.0224308878188872,0.8411786167520229,-4.7466918668722045,0.3832343249737153,-14.231084903742648,-14.207925971278796,0.6708381927909091,-15.91776141681656,-12.454371244410316,0.030790275,0.03078911367907802,0.00498230678314533,0.01743472,0.04368587,0.0399449095,0.0407147144858156,0.004844365039323772,0.02969008,0.05874095,-0.009682099999999999,-0.009925600851920213,0.005874633624004683,-0.03278663,0.004528351,0.7555494147627086,0.7621618734832657,0.12798428966877737,0.3994643150094975,1.119870056675341,-15.115864447922577,-15.17453189303611,0.7208313975878851,-17.58585024182999,-13.596590270028354,-13.98538689727799,-13.932412041842584,0.5079653751765515,-15.273886410882746,-12.310590257460005,-1.2173712668620604,-1.2421198511935274,0.7450892800801658,-3.9852201103665976,0.4916763255289975,-14.516020973226281,-14.55347196743935,0.5000238536717865,-15.891376401457832,-13.360819407747128,0.0424261275,0.04235025873226951,0.005771234067197111,0.018910185,0.05693755,0.0520469525,0.052275128420212764,0.004576951389671167,0.040839337,0.06963174,-0.009773736500000001,-0.009924869700319148,0.0055041227585442085,-0.031815745,0.0048436187,0.8134665933904588,0.8120091773063282,0.10191927131606544,0.3775058520474538,1.0986797306505065,-13.723666265582477,-13.776556022918694,0.6491992931431999,-17.23304233793502,-12.446012299169048,-12.83604722431135,-12.833537707979174,0.37846612478925423,-13.88921318998879,-11.571927494575975,-0.8966027863225836,-0.9430183149395186,0.601967144832726,-4.230763115823173,0.4087111237508445,-13.286150246068964,-13.305046865448933,0.43790073538508306,-15.137417392018593,-12.304669180955418
"(850.0, 1.0, 30.0)",1.0,30.0,850.0,499,30.0,30.0,0.0,30.0,30.0,850.0,850.0,0.0,850.0,850.0,0.028732115,0.039397005899799595,0.026889017623711268,0.015472144,0.13172778,0.04578055,0.052128195775551105,0.021346686115479203,0.018046064,0.11844665,-0.013359439,-0.01273118981451944,0.013518277745041012,-0.04081118,0.06655009,0.6979972898187443,0.7301448446658744,0.2319263065512847,0.282241881517967,2.0982534636672407,-15.416323978721586,-14.692042965785218,2.115315173836289,-18.10449504344724,-8.80322611185875,-13.3931898754669,-13.124972571374878,1.5364104985461982,-17.43617499449265,-9.26477224707096,-1.5614626363748254,-1.5670703944103401,1.3126134227085908,-5.493785413605231,3.2185794869566138,-14.445273942507743,-13.908507768580048,1.7282416650989016,-17.29055634828586,-9.1988320448119,0.030918788,0.032325950456913825,0.010419556760945465,0.009699011,0.09935642,0.0478734,0.04853729995591182,0.010913766948045476,0.016742047,0.107083894,-0.016118508,-0.016211349512064127,0.00764484552882984,-0.057044726,0.020879962,0.6594933646359318,0.6676102719010554,0.12440713487734559,0.2438109373118481,1.2861758349892147,-15.09777536202491,-15.066718074316158,1.1224097328162959,-20.13272538155204,-10.028040638558773,-13.199057261606765,-13.236379286772223,0.9038404701967597,-17.761914451951313,-9.70275843237264,-1.8078956964324888,-1.8303387875439354,0.8197660541991876,-6.12946815868764,1.0930034568876827,-14.194182567346877,-14.151548680544192,0.9329316727600144,-18.32655958283474,-10.31497595438243,0.029841855,0.03735227439478959,0.02178207484619325,0.009461648,0.12534235,0.042951837,0.05126063310120241,0.02305640339014345,0.0116176875,0.13431618,-0.0133969225,-0.013908358697915832,0.007910448459542887,-0.05387114,0.034633413,0.7052112850941855,0.7113857617920654,0.13060746333584503,0.3940304443818941,1.559806204979352,-15.251741817099443,-14.75953389949151,1.8498571998563897,-20.24033220682646,-9.019021526427991,-13.67018255315985,-13.209603357009339,1.503108061849296,-19.34880308444501,-8.71871680545083,-1.5168074653740522,-1.5499305424821683,0.7859072837419089,-4.044702215118145,1.930706436562236,-14.475432650292994,-13.984568628250424,1.638975346998479,-19.79456764563573,-9.16578574174987,0.02708717,0.027664241669338677,0.005134535925987158,0.016124427,0.04522367,0.040799923,0.04114004761523046,0.005118024622000797,0.027790612,0.056344137,-0.013186745,-0.013475805885771543,0.005566193450041746,-0.034548104,0.0017097369,0.68497242699774,0.6767479292482813,0.11823059999042328,0.371015733117612,1.0433080636486576,-15.672363564735182,-15.65486021774302,0.804402707679826,-17.925157009634518,-13.446342137175414,-13.893406539578423,-13.890847407396006,0.5405685789796708,-15.561018952420657,-12.49151271741729,-1.643269103077671,-1.7640128103470125,0.7797979973702603,-4.306076734868622,0.1841256403459716,-14.804980263880362,-14.77285381256951,0.563575924943304,-16.43722722438965,-13.156217735264342
"(850.0, 1.0, 45.0)",1.0,45.0,850.0,694,45.0,45.0,0.0,45.0,45.0,850.0,850.0,0.0,850.0,850.0,0.03580052,0.0414262162795389,0.018535988282169527,0.01525199,0.11770156,0.04444368,0.04980389078386167,0.01698054087705406,0.021960095,0.10838835,-0.0097919705,-0.008377674539742076,0.010608766856235779,-0.045211546,0.0349705,0.7926622628695559,0.8281386593253452,0.20016168382672272,0.4212315389828132,1.4910565780874423,-14.461106997756591,-14.179166497873865,1.6783260111370448,-18.16673476506659,-9.292177800813011,-13.521901600841463,-13.238144130444141,1.3015274163366606,-16.58365793909622,-9.650173972880255,-1.0091191541207598,-0.9410223674297247,1.0259355800847911,-3.754791191989593,1.73494123062898,-14.060972272984424,-13.708655314159005,1.411467305305583,-17.06465245437867,-10.00123001659556,0.0360987655,0.03972476379250721,0.014866737952290057,0.009616189,0.11764374,0.050857223,0.05291220315850144,0.010703456624881702,0.016261326,0.09980537,-0.013711214999999999,-0.013187439328848702,0.009825940467939857,-0.044335403,0.053838372,0.7236723254700226,0.7446583326711372,0.17206290877016361,0.3555082845064202,2.31387568433106,-14.425076925627115,-14.224536525235388,1.2769798987181136,-20.169970227585303,-9.294311909791617,-12.936473972817168,-12.840808351320332,0.7940962985117525,-17.888440395421995,-10.008460911032667,-1.4045820704276784,-1.3837281739150527,0.9347035237099911,-4.491502743105855,3.643400222696908,-13.68865835766887,-13.532672438277862,0.9550997996079396,-19.02920531150365,-9.685264244893494,0.037421301,0.0467572056368876,0.02248377958823604,0.002982459,0.11447515,0.0452611985,0.05755751114048992,0.026122650321994532,0.0054973145,0.13676101,-0.009130314,-0.01080030549170029,0.011177482558983381,-0.06768529,0.033873856,0.805652086959499,0.8153094988981263,0.13948050156613448,0.4463748524626774,1.5984981441092694,-14.268811885697115,-13.691879847288345,1.7515081324199884,-25.254255132163127,-9.412887658798413,-13.442739519647297,-12.742581901035262,1.6288682067005837,-22.59849416242111,-8.640377015067886,-0.9385246390076674,-0.9492979462530864,0.7382201036745344,-3.503002803244094,2.037121363875644,-13.870440299549397,-13.217230874161803,1.6505314162412534,-23.92637464729212,-9.26662963974659,0.056046153,0.05831940958789625,0.018109091662154696,0.010389596,0.130625,0.040145956,0.049465570175792506,0.02297625076224931,0.008080565,0.11962839,0.010724796,0.008853839376002882,0.01662589799302103,-0.074536964,0.04133158,1.2813764802883865,1.2691268219731322,0.3262966843206342,0.3112158986956529,1.992908134517804,-12.51454217718292,-12.538006717723174,1.301097109329118,-19.834013302806664,-8.839737143768547,-13.963581989280126,-13.413267574570872,1.6503010139934147,-20.925582519501003,-9.22165734265128,1.0767663180593265,0.8752608568476965,1.2218337199335523,-5.069382248461173,2.994872798467803,-13.293825544364744,-12.975637146147026,1.3546047957077638,-20.37979791115384,-9.251129754063696
"(850.0, 1.0, 60.0)",1.0,60.0,850.0,678,60.0,60.0,0.0,60.0,60.0,850.0,850.0,0.0,850.0,850.0,0.020634477,0.024559687588495572,0.016814952083035593,0.005209472,0.121228084,0.035351003,0.03937027789380532,0.015210558974172388,0.007839162,0.107061215,-0.014592034,-0.014810590269861356,0.009131806656005848,-0.062406078,0.043462545,0.5903814100828333,0.6070414319145789,0.17875598207530105,0.2448628193293813,1.6181814258285925,-16.854065430406465,-16.616962707950872,1.8384097515090538,-22.832062892662886,-9.163967588828578,-14.51598268883159,-14.276562271968375,1.3116777223882652,-21.057303658958265,-9.703678332997644,-2.288673260004823,-2.3404004359824975,1.2162441633241956,-6.110771543322155,2.0902721185341644,-15.758947611731564,-15.446762489959623,1.476587946829305,-21.944683275810576,-9.99574208392108,0.021068866,0.021240223899705018,0.0039483714777991865,0.0106373895,0.034127012,0.0399189185,0.04070484074483775,0.006516568458538349,0.02577456,0.060135577,-0.018913968,-0.019464616822821534,0.006850047203457157,-0.042886518,0.0011893157,0.5221611387869517,0.5319194621417219,0.11902962899434318,0.211162274805827,1.0424080188641205,-16.763588536823505,-16.80624141897993,0.8344434772185902,-19.73164938409677,-14.669017361518268,-13.988212493371995,-13.958748510505789,0.6936062192565946,-15.888087252092692,-12.208685185270843,-2.821955158367926,-2.8474929084741376,0.9614353135229695,-6.753836680442767,0.1803774360104526,-15.370405532576733,-15.38249496474286,0.597999403435979,-17.46029717204504,-13.648756356271544,0.0245245695,0.02457085532964602,0.004053603669936839,0.012526409,0.03522791,0.032188007500000004,0.0320868764100295,0.0038634773666685806,0.020527286,0.04482297,-0.0073275445,-0.007516021085820501,0.0048898317497907875,-0.02471906,0.008937603,0.7698855045926603,0.7736418696487338,0.1413074424793218,0.3363203545337369,1.4031057108471725,-16.103986073094163,-16.158827332529743,0.7558796319548227,-19.021734202140337,-14.53113125740815,-14.923059828913837,-14.969276711957704,0.5379568513707005,-16.87668457110632,-13.484993843158634,-1.135738606680154,-1.189550620572039,0.8193160439351118,-4.732468478033006,1.4709039228831493,-15.510247649615096,-15.564052022243722,0.5124022843509268,-17.745463865406112,-14.370659025687264,0.0189393165,0.024032391717551616,0.018751281380944968,0.00592048,0.116671026,0.0250996625,0.0309002975359882,0.020506922307373186,0.0051697884,0.12848397,-0.0060312115,-0.006867905738706489,0.008496052237742944,-0.068693504,0.022353947,0.7651682451659494,0.7746155956225406,0.19123045692220628,0.254626634420934,1.716594704759043,-17.22635761337248,-16.866334653202568,2.0749831571324284,-22.276430811658287,-9.330369838646606,-16.003321255157843,-15.623051050980095,1.8442282995677763,-22.8652723423695,-8.911510662225052,-1.1624308715637799,-1.2432836022224703,1.0938238570024523,-5.940961702437093,2.34667768522316,-16.688134866938093,-16.244692852091333,1.885272899109841,-22.570851577013894,-9.171986353938916
"(850.0, 2.0, -60.0)",2.0,-60.0,850.0,743,-60.0,-60.0,0.0,-60.0,-60.0,850.0,850.0,0.0,850.0,850.0,0.02360664,0.026546355768506058,0.013737118336921091,0.010584925,0.11357558,0.032031793,0.034115390815612386,0.011909009493445708,0.019573417,0.106944285,-0.007858584,-0.007569035009158816,0.007476787980043622,-0.039972477,0.04118606,0.7552118865402598,0.7760907435326334,0.19673234801096973,0.3701999900929145,1.945209048307833,-16.269658347274977,-16.080632299075432,1.4732903125469725,-19.75312202442083,-9.447150453360535,-14.944187487347058,-14.849902770271573,1.1540263075202346,-17.08333361134606,-9.7084241739587,-1.2193118312491933,-1.230729528803858,1.0542828902565302,-4.31563597171878,2.889662810646934,-15.651545989446827,-15.465267534673501,1.2137966998533394,-18.0569221712802,-10.16692359551993,0.02999439,0.03016772890578735,0.006142474494031267,0.017530914,0.047332473,0.030020058,0.030343761261103632,0.0055991291598226295,0.015980259,0.054611288,-0.0002633594,-0.0001760323668546433,0.005959781278424431,-0.015779682,0.015286962,0.9913780138429826,1.0093254244916188,0.19713162840690754,0.6004703142408236,1.64752330473075,-15.229599528260744,-15.295092307233142,0.891821426696065,-17.561954308979217,-13.248408032496496,-15.225884707592574,-15.252822442024758,0.8029462168740884,-17.964161974162845,-12.627175804697696,-0.0376071681830669,-0.04226986520838635,0.8499980109098807,-2.2150845815074,2.1683156655682723,-15.250643829861565,-15.27395737462895,0.7344452923912171,-17.384331913515336,-13.367661111444784,0.028356222,0.03216440947738897,0.014997936100824883,0.0069849947,0.10474206,0.029792257,0.032822583764468366,0.015902798531189585,0.015194966,0.11997166,-0.0015196372,-0.0006581742614401076,0.010577768535462372,-0.051276755,0.0518077,0.9496658057038276,1.0083520964158736,0.31307648552338346,0.2365384131315757,3.078774148562596,-15.47351625538026,-15.254703320076418,1.5859957516145722,-21.55833916110484,-9.798788987817636,-15.258965993228797,-15.107136578529696,1.3176367012007413,-18.183002542402427,-9.209213219517869,-0.2242919919540611,-0.14756674154672153,1.2546447836354437,-6.260983210102966,4.883778312828159,-15.399143076705194,-15.180919949303055,1.316146312903477,-18.42784755605336,-9.68800507429832,0.019561823,0.023755315342395694,0.015040823888780589,0.0043768105,0.100741684,0.025007082,0.030600372383983845,0.018170644147353955,0.0070963823,0.11105834,-0.006045498,-0.006845057068892326,0.007907694800717832,-0.051699813,0.02338487,0.7749267573291132,0.7851929626911018,0.1874948254850075,0.3708536540384156,1.4555833124774475,-17.08590664832411,-16.780021187805076,1.9528124185115905,-23.588422552908767,-9.9679079185507,-16.01936979197635,-15.605792037326129,1.782512574295666,-21.489629944990508,-9.544488243004505,-1.1073934313610785,-1.1742291504789448,1.0465185807141228,-4.307974374572247,1.630370679933442,-16.62485373313193,-16.1929066125656,1.7948853514257257,-22.53902624894964,-10.158003904374723
"(850.0, 2.0, -45.0)",2.0,-45.0,850.0,635,-45.0,-45.0,0.0,-45.0,-45.0,850.0,850.0,0.0,850.0,850.0,0.028388368,0.02849551516535433,0.004947172491160032,0.015226307,0.0458536,0.03375643,0.03389875988031496,0.004766570490212665,0.021238822,0.056489356,-0.005419433,-0.0054032447247149605,0.005636407222058735,-0.023115182,0.01191959,0.8392935615524987,0.851179311019982,0.1598520212990089,0.4195060668077709,1.4761831737855855,-15.46859574130672,-15.517915248927327,0.7599663702924093,-18.174054087035337,-13.386265627560364,-14.716434742218867,-14.741042538297457,0.6129359459613712,-16.72869564796163,-12.480333774088052,-0.7608610845021957,-0.7768727106298707,0.8246794495152503,-3.772617540866492,1.691402507436635,-15.129185103563293,-15.129478893612395,0.553710782178112,-16.82671161291547,-12.935421272004804,0.023401309,0.025243728214803147,0.010962505618570973,0.0028756424,0.09423865,0.039905693,0.042238406716535434,0.009521157721609259,0.017714597,0.09378158,-0.016967045,-0.016994678539842517,0.008092409256140838,-0.05161797,0.037833065,0.5835824904779167,0.595829094511269,0.16103584911476443,0.0527702678350616,1.843339405228075,-16.307598523667863,-16.23165525198365,1.3675971757058623,-25.41265123608561,-10.257709608408533,-13.989651386882343,-13.830793615168803,0.8350665973384471,-17.51668716237691,-10.278824407415572,-2.33897746923646,-2.4008616368148483,1.1760132706651363,-12.776107014081758,2.656053071432922,-15.17076389618093,-15.031224433576226,0.9685439201705848,-19.024597729044736,-10.30198587579984,0.025732389,0.02599404590551181,0.0044263500328279165,0.014240181,0.038379665,0.035231717,0.03532869635905511,0.005661872649228185,0.023030832,0.058607683,-0.0091399085,-0.009334650477552756,0.007029331394080004,-0.030907912,0.010674436,0.7458553331654053,0.7541703386676932,0.17445514718470898,0.3831093039282832,1.4105415617704744,-15.895198966438969,-15.91574801077668,0.756218010903251,-18.46484488285094,-14.158988150947366,-14.530661920198304,-14.574340063971912,0.697370927021999,-16.376903649055293,-12.320454507681688,-1.273454005256447,-1.3414079468047688,1.0117000845699236,-4.166773008900186,1.4938588722896142,-15.234767774311738,-15.245044037374292,0.5226965464352122,-16.750976680957212,-13.669823029279758,0.031589523,0.0322361458672441,0.005842807180622492,0.0068825507,0.08085568,0.035672277,0.03630315085669292,0.006291085853935931,0.008457948,0.07065485,-0.0039236657,-0.004067004955566457,0.006139771616752234,-0.020208726,0.016394496,0.8896247011822574,0.9028311880544851,0.16964613594332706,0.4970398254609335,1.7448503287837478,-15.004569324337025,-14.985078146968613,0.7792731075609636,-21.622505831401607,-10.922894527057297,-14.476691656957192,-14.467372114494498,0.7766718262200945,-20.727349659019325,-11.508580413823456,-0.5079316702656556,-0.5177060324741125,0.7974816028822775,-3.036088118760931,2.4175817963251856,-14.749126849753944,-14.726225130731558,0.6680184310121745,-21.174927745210468,-11.250698420719022
"(850.0, 2.0, -30.0)",2.0,-30.0,850.0,661,-30.0,-30.0,0.0,-30.0,-30.0,850.0,850.0,0.0,850.0,850.0,0.02371246,0.027204884574130103,0.01423383489725857,0.004457024,0.101798266,0.03686201,0.04232123759757943,0.017473126737148424,0.014680949,0.10672724,-0.012890838,-0.015116353074181542,0.01395535503398231,-0.06489558,0.028561607,0.6626351156710227,0.6796337114683387,0.2392706583493713,0.0829893085002195,1.658989095066519,-16.250233895713887,-16.009575050414387,1.5780447752294446,-23.50955034441846,-9.922596188335769,-14.334210077274028,-14.055900453649743,1.6314764357973095,-18.332458688176544,-9.717247113662976,-1.787255528329556,-1.9536745967646438,1.5891856072823565,-10.809778540137176,2.198435313179223,-15.280825532356603,-15.032737752032064,1.3944865051326487,-18.10466107434987,-10.046906122279804,0.028306067,0.029377305049924356,0.007900014633601952,0.01537138,0.08563228,0.026124785,0.027328753063540094,0.00874400565439973,0.012543341,0.09544843,0.0018252302,0.002048551962383661,0.006499563363552617,-0.040595483,0.026760101,1.0692878159668169,1.1065520435644285,0.24168999946068762,0.5470546344548985,2.046425297789717,-15.481204698369472,-15.433685984629406,0.9391880532188986,-18.13287130401641,-10.673624949813798,-15.82947279583167,-15.772796154271168,1.0073790629547832,-19.01586765900572,-10.20231224869567,0.2909461828491437,0.33911016964176116,0.9346505848154664,-2.619692984026406,3.109958959022757,-15.686335272602564,-15.603241069450288,0.8544299029004114,-18.08647891133212,-10.823767737638844,0.028567491,0.03721958822541603,0.021928163749357563,0.005198619,0.10608004,0.03705796,0.044977124350983354,0.020850040854177836,0.006476496,0.12178166,-0.008314876,-0.007757536113425113,0.009377711230516124,-0.043462522,0.03792663,0.7904576900882402,0.8134654714850283,0.18002737446010575,0.3829807791471206,1.644439027075195,-15.441278992450858,-14.819374395284356,1.9649504182451663,-22.841120216558,-9.743663237999408,-14.311185088532044,-13.819930091032843,1.6408095031884806,-21.8865990630342,-9.14418102878017,-1.0212137107046182,-0.9994443042515103,0.9436275717292023,-4.168230216183609,2.160177752418358,-14.905275472592418,-14.319652243158599,1.7475796798503502,-22.363859639796093,-9.848852306606211,0.028045971,0.03133691525869894,0.012996318238081625,0.011619607,0.09487785,0.027032971,0.03187900661422088,0.019878949890967862,0.006630464,0.123879105,0.0009163879,-0.0005420913853475036,0.012079527802614166,-0.07348119,0.08824738,1.0346191222127004,1.0743496200364395,0.5734477829371811,0.4068314643362762,14.30938266899571,-15.521295201806169,-15.28603366105045,1.3376325204491422,-19.34808560928901,-10.228351811298928,-15.681062153305858,-15.408480859766366,1.689700322470131,-21.784560790988724,-9.07001941501507,0.1478050095393275,0.1224471987159157,1.14420788765262,-3.905854661163131,11.556208979689796,-15.664340954387043,-15.347257260408409,1.4123990396547912,-19.765018325152003,-10.008647320566377
"(850.0, 2.0, -15.0)",2.0,-15.0,850.0,727,-15.0,-15.0,0.0,-15.0,-15.0,850.0,850.0,0.0,850.0,850.0,0.032902773,0.04506076855708391,0.024640531911097854,0.005477174,0.115654744,0.030361548,0.04358985595213205,0.026512552324864897,0.0015532712,0.11911164,0.0020954683,0.0014709126238486934,0.01014534863180422,-0.055375464,0.07122686,1.0565410701368447,1.1458366448512292,1.7120977531820853,0.426938696891736,46.85603667300604,-14.827674925592078,-14.01492253204181,2.1116669090210416,-22.61443447329437,-9.368365475758608,-15.176760885118696,-14.294827052755629,2.37624293256622,-28.08752710255576,-9.240457875133876,0.2388638373889868,0.27990452071381905,1.0678388986319272,-3.696344797957389,16.70765550937044,-15.091175290462226,-14.154874792398719,2.183520969959947,-22.30914373946105,-9.60395534022345,0.028472926,0.033505608804676755,0.017364988031424344,0.0074542165,0.12615138,0.03044355,0.03539616646836313,0.016674028880472803,0.0084164785,0.11014046,-0.0022370853,-0.0018905576623740026,0.008553709068263523,-0.042716105,0.05847709,0.928313949059476,0.9529770969016416,0.20207848151814622,0.5285280759277325,2.649505185604633,-15.4556789344762,-15.138699549756637,1.6832856813221748,-21.275979988575568,-8.991079842028878,-15.165047182112264,-14.840473164690163,1.5570260338598092,-20.74869580457049,-9.580531228969985,-0.3230512367393174,-0.29822638506647314,0.8686635994463991,-2.769319375871664,4.231647738559834,-15.340976959665824,-14.9895863572234,1.5621287607876446,-21.01233789657303,-10.267514688473469,0.027224109,0.029282208513892707,0.011588418586747511,0.0055545736,0.105807975,0.034813862,0.037015397758321876,0.015008637091876909,0.0047927853,0.13239045,-0.0073717684,-0.007733189207037138,0.007405476841316751,-0.06184572,0.018306516,0.7879853416939032,0.8073828581701886,0.1606029458307606,0.4759013945691542,1.3609645149953666,-15.650463318143066,-15.529001113930388,1.1656279553500966,-22.553492734130423,-9.754815975183398,-14.582477928507418,-14.517700092472264,1.1881437361276148,-23.19412027891005,-8.78143327172933,-1.0348186127965011,-1.0113010214581264,0.8393053671035866,-3.224830225317074,1.338468018191458,-15.158576517373954,-15.023350603201324,1.0995811289687754,-22.87380650652024,-9.501658991767576,0.028763179,0.030322123894085277,0.010624740164886475,0.013061937,0.10686016,0.03144581,0.03345751243878955,0.012380083189419465,0.011591526,0.12783918,-0.002663901,-0.0031353885348514438,0.007382157360711103,-0.03729393,0.01781811,0.9158298327620894,0.927933992488661,0.20389908524728956,0.4219114614457183,1.641636535056307,-15.411631199706392,-15.364079471478219,1.1723763999652266,-18.839924170528764,-9.711841765227843,-15.024372317947153,-14.932850314087784,1.1157274508596835,-19.358593957083844,-8.93336031031216,-0.3818521360646745,-0.43122915739043716,0.9711597793927574,-3.747786765899747,2.1527700888763466,-15.240523871264012,-15.148464892783002,1.0362766303555682,-18.61669082220989,-9.678665112535072
"(850.0, 2.0, 0.0)",2.0,0.0,850.0,750,0.0,0.0,0.0,0.0,0.0,850.0,850.0,0.0,850.0,850.0,0.0995724675,0.10102281871333334,0.026104821235063847,0.023430316,0.15644377,0.09558656500000001,0.09892907594133332,0.026437272343505035,0.02236918,0.16141655,-0.0020463131,0.0020937427738200003,0.029863596111877316,-0.07811998,0.08332565,0.9767191317939414,1.070868212138936,0.34995273467450394,0.4698616949490867,2.424418494559918,-10.018607270636295,-10.105863149188618,1.158235863123849,-16.30221858223134,-8.056417138646939,-10.196042758439159,-10.202410729949657,1.171692033626008,-16.503499382102603,-7.920519512993787,-0.10230309261738395,0.09654758076103881,1.2904637961468644,-3.2802995899360265,3.846075883483655,-10.050162871533878,-10.154136939569138,0.9699804461188922,-16.402858982166972,-8.107846449224771,0.09282007,0.09383437028,0.023644200837190484,0.027235415,0.1517792,0.1014852675,0.100718850504,0.02684432195773153,0.029456481,0.1573308,-0.0055905096500000005,-0.006884479892272001,0.030657547531459474,-0.088988766,0.08252472,0.9409182557212995,0.9851293771059554,0.335255115716109,0.4037172027135862,2.2480810506172486,-10.323581122793211,-10.416267289117743,1.1112246559675354,-15.648660054221908,-8.187877274040204,-9.935972712558561,-10.129251914090885,1.1975288497820302,-15.308191321206465,-8.03186259719639,-0.26448105685721846,-0.28701537502685953,1.371651860326354,-3.939227445522361,3.518119649076338,-10.183192553798051,-10.272759601604312,0.9295647285482779,-15.478425687714186,-8.112687332586045,0.094660569,0.09532618483333333,0.023752356131072294,0.00810778,0.15447724,0.102188213,0.10392732841133333,0.024785833792994275,0.0095841475,0.15676606,-0.004481908,-0.008601143723658666,0.032527864366231674,-0.087197185,0.08448512,0.9564371915198169,0.9651827385135842,0.32467697133186707,0.3881450816500394,3.10076472818841,-10.238308895212088,-10.349957941985068,1.15142027094413,-20.91098068333769,-8.11135502351014,-9.90599244264887,-9.965231422283441,1.1147478300950269,-20.18446511832633,-8.047479649083105,-0.1934359339880229,-0.38472651970162663,1.423362255018478,-4.11005912585796,4.9146881521772645,-10.071271683675548,-10.157594682134254,0.8818875525079665,-20.547722900832014,-8.120083821689182,0.096347983,0.09922824660133331,0.025737326482171828,0.010789504,0.15864249,0.09472834,0.09806833097600001,0.02631253703370345,0.012876773,0.16177976,5.97238554e-05,0.0011599155858544,0.03750039146982747,-0.09553116,0.08546743,1.0004767485643924,1.0866957834698008,0.41946118093254026,0.3374961010700007,2.9834765079229086,-10.161575470148858,-10.18477817371252,1.1726794803690286,-19.66998508538819,-7.995804938721754,-10.235201302406155,-10.242323255543392,1.1892443292890993,-18.90192951689887,-7.910758096632431,0.00206926507816975,0.05754508183087288,1.6232231108533266,-4.7173123998960325,4.747226225362564,-10.082149805231905,-10.213550714627955,0.8579197528384218,-19.285957301143533,-8.084250984342965
"(850.0, 2.0, 15.0)",2.0,15.0,850.0,727,15.0,15.0,0.0,15.0,15.0,850.0,850.0,0.0,850.0,850.0,0.032902773,0.04506076855708391,0.024640531911097854,0.005477174,0.115654744,0.030361548,0.04358985595213205,0.026512552324864897,0.0015532712,0.11911164,0.0020954683,0.0014709126238486934,0.01014534863180422,-0.055375464,0.07122686,1.0565410701368447,1.1458366448512292,1.7120977531820853,0.426938696891736,46.85603667300604,-14.827674925592078,-14.01492253204181,2.1116669090210416,-22.61443447329437,-9.368365475758608,-15.176760885118696,-14.294827052755629,2.37624293256622,-28.08752710255576,-9.240457875133876,0.2388638373889868,0.27990452071381905,1.0678388986319272,-3.696344797957389,16.70765550937044,-15.091175290462226,-14.154874792398719,2.183520969959947,-22.30914373946105,-9.60395534022345,0.028472926,0.033505608804676755,0.017364988031424344,0.0074542165,0.12615138,0.03044355,0.03539616646836313,0.016674028880472803,0.0084164785,0.11014046,-0.0022370853,-0.0018905576623740026,0.008553709068263523,-0.042716105,0.05847709,0.928313949059476,0.9529770969016416,0.20207848151814622,0.5285280759277325,2.649505185604633,-15.4556789344762,-15.138699549756637,1.6832856813221748,-21.275979988575568,-8.991079842028878,-15.165047182112264,-14.840473164690163,1.5570260338598092,-20.74869580457049,-9.580531228969985,-0.3230512367393174,-0.29822638506647314,0.8686635994463991,-2.769319375871664,4.231647738559834,-15.340976959665824,-14.9895863572234,1.5621287607876446,-21.01233789657303,-10.267514688473469,0.027224109,0.029282208513892707,0.011588418586747511,0.0055545736,0.105807975,0.034813862,0.037015397758321876,0.015008637091876909,0.0047927853,0.13239045,-0.0073717684,-0.007733189207037138,0.007405476841316751,-0.06184572,0.018306516,0.7879853416939032,0.8073828581701886,0.1606029458307606,0.4759013945691542,1.3609645149953666,-15.650463318143066,-15.529001113930388,1.1656279553500966,-22.553492734130423,-9.754815975183398,-14.582477928507418,-14.517700092472264,1.1881437361276148,-23.19412027891005,-8.78143327172933,-1.0348186127965011,-1.0113010214581264,0.8393053671035866,-3.224830225317074,1.338468018191458,-15.158576517373954,-15.023350603201324,1.0995811289687754,-22.87380650652024,-9.501658991767576,0.028763179,0.030322123894085277,0.010624740164886475,0.013061937,0.10686016,0.03144581,0.03345751243878955,0.012380083189419465,0.011591526,0.12783918,-0.002663901,-0.0031353885348514438,0.007382157360711103,-0.03729393,0.01781811,0.9158298327620894,0.927933992488661,0.20389908524728956,0.4219114614457183,1.641636535056307,-15.411631199706392,-15.364079471478219,1.1723763999652266,-18.839924170528764,-9.711841765227843,-15.024372317947153,-14.932850314087784,1.1157274508596835,-19.358593957083844,-8.93336031031216,-0.3818521360646745,-0.43122915739043716,0.9711597793927574,-3.747786765899747,2.1527700888763466,-15.240523871264012,-15.148464892783002,1.0362766303555682,-18.61669082220989,-9.678665112535072
"(850.0, 2.0, 30.0)",2.0,30.0,850.0,661,30.0,30.0,0.0,30.0,30.0,850.0,850.0,0.0,850.0,850.0,0.02371246,0.027204884574130103,0.01423383489725857,0.004457024,0.101798266,0.03686201,0.04232123759757943,0.017473126737148424,0.014680949,0.10672724,-0.012890838,-0.015116353074181542,0.01395535503398231,-0.06489558,0.028561607,0.6626351156710227,0.6796337114683387,0.2392706583493713,0.0829893085002195,1.658989095066519,-16.250233895713887,-16.009575050414387,1.5780447752294446,-23.50955034441846,-9.922596188335769,-14.334210077274028,-14.055900453649743,1.6314764357973095,-18.332458688176544,-9.717247113662976,-1.787255528329556,-1.9536745967646438,1.5891856072823565,-10.809778540137176,2.198435313179223,-15.280825532356603,-15.032737752032064,1.3944865051326487,-18.10466107434987,-10.046906122279804,0.028306067,0.029377305049924356,0.007900014633601952,0.01537138,0.08563228,0.026124785,0.027328753063540094,0.00874400565439973,0.012543341,0.09544843,0.0018252302,0.002048551962383661,0.006499563363552617,-0.040595483,0.026760101,1.0692878159668169,1.1065520435644285,0.24168999946068762,0.5470546344548985,2.046425297789717,-15.481204698369472,-15.433685984629406,0.9391880532188986,-18.13287130401641,-10.673624949813798,-15.82947279583167,-15.772796154271168,1.0073790629547832,-19.01586765900572,-10.20231224869567,0.2909461828491437,0.33911016964176116,0.9346505848154664,-2.619692984026406,3.109958959022757,-15.686335272602564,-15.603241069450288,0.8544299029004114,-18.08647891133212,-10.823767737638844,0.028567491,0.03721958822541603,0.021928163749357563,0.005198619,0.10608004,0.03705796,0.044977124350983354,0.020850040854177836,0.006476496,0.12178166,-0.008314876,-0.007757536113425113,0.009377711230516124,-0.043462522,0.03792663,0.7904576900882402,0.8134654714850283,0.18002737446010575,0.3829807791471206,1.644439027075195,-15.441278992450858,-14.819374395284356,1.9649504182451663,-22.841120216558,-9.743663237999408,-14.311185088532044,-13.819930091032843,1.6408095031884806,-21.8865990630342,-9.14418102878017,-1.0212137107046182,-0.9994443042515103,0.9436275717292023,-4.168230216183609,2.160177752418358,-14.905275472592418,-14.319652243158599,1.7475796798503502,-22.363859639796093,-9.848852306606211,0.028045971,0.03133691525869894,0.012996318238081625,0.011619607,0.09487785,0.027032971,0.03187900661422088,0.019878949890967862,0.006630464,0.123879105,0.0009163879,-0.0005420913853475036,0.012079527802614166,-0.07348119,0.08824738,1.0346191222127004,1.0743496200364395,0.5734477829371811,0.4068314643362762,14.30938266899571,-15.521295201806169,-15.28603366105045,1.3376325204491422,-19.34808560928901,-10.228351811298928,-15.681062153305858,-15.408480859766366,1.689700322470131,-21.784560790988724,-9.07001941501507,0.1478050095393275,0.1224471987159157,1.14420788765262,-3.905854661163131,11.556208979689796,-15.664340954387043,-15.347257260408409,1.4123990396547912,-19.765018325152003,-10.008647320566377
"(850.0, 2.0, 45.0)",2.0,45.0,850.0,635,45.0,45.0,0.0,45.0,45.0,850.0,850.0,0.0,850.0,850.0,0.028388368,0.02849551516535433,0.004947172491160032,0.015226307,0.0458536,0.03375643,0.03389875988031496,0.004766570490212665,0.021238822,0.056489356,-0.005419433,-0.0054032447247149605,0.005636407222058735,-0.023115182,0.01191959,0.8392935615524987,0.851179311019982,0.1598520212990089,0.4195060668077709,1.4761831737855855,-15.46859574130672,-15.517915248927327,0.7599663702924093,-18.174054087035337,-13.386265627560364,-14.716434742218867,-14.741042538297457,0.6129359459613712,-16.72869564796163,-12.480333774088052,-0.7608610845021957,-0.7768727106298707,0.8246794495152503,-3.772617540866492,1.691402507436635,-15.129185103563293,-15.129478893612395,0.553710782178112,-16.82671161291547,-12.935421272004804,0.023401309,0.025243728214803147,0.010962505618570973,0.0028756424,0.09423865,0.039905693,0.042238406716535434,0.009521157721609259,0.017714597,0.09378158,-0.016967045,-0.016994678539842517,0.008092409256140838,-0.05161797,0.037833065,0.5835824904779167,0.595829094511269,0.16103584911476443,0.0527702678350616,1.843339405228075,-16.307598523667863,-16.23165525198365,1.3675971757058623,-25.41265123608561,-10.257709608408533,-13.989651386882343,-13.830793615168803,0.8350665973384471,-17.51668716237691,-10.278824407415572,-2.33897746923646,-2.4008616368148483,1.1760132706651363,-12.776107014081758,2.656053071432922,-15.17076389618093,-15.031224433576226,0.9685439201705848,-19.024597729044736,-10.30198587579984,0.025732389,0.02599404590551181,0.0044263500328279165,0.014240181,0.038379665,0.035231717,0.03532869635905511,0.005661872649228185,0.023030832,0.058607683,-0.0091399085,-0.009334650477552756,0.007029331394080004,-0.030907912,0.010674436,0.7458553331654053,0.7541703386676932,0.17445514718470898,0.3831093039282832,1.4105415617704744,-15.895198966438969,-15.91574801077668,0.756218010903251,-18.46484488285094,-14.158988150947366,-14.530661920198304,-14.574340063971912,0.697370927021999,-16.376903649055293,-12.320454507681688,-1.273454005256447,-1.3414079468047688,1.0117000845699236,-4.166773008900186,1.4938588722896142,-15.234767774311738,-15.245044037374292,0.5226965464352122,-16.750976680957212,-13.669823029279758,0.031589523,0.0322361458672441,0.005842807180622492,0.0068825507,0.08085568,0.035672277,0.03630315085669292,0.006291085853935931,0.008457948,0.07065485,-0.0039236657,-0.004067004955566457,0.006139771616752234,-0.020208726,0.016394496,0.8896247011822574,0.9028311880544851,0.16964613594332706,0.4970398254609335,1.7448503287837478,-15.004569324337025,-14.985078146968613,0.7792731075609636,-21.622505831401607,-10.922894527057297,-14.476691656957192,-14.467372114494498,0.7766718262200945,-20.727349659019325,-11.508580413823456,-0.5079316702656556,-0.5177060324741125,0.7974816028822775,-3.036088118760931,2.4175817963251856,-14.749126849753944,-14.726225130731558,0.6680184310121745,-21.174927745210468,-11.250698420719022
"(850.0, 2.0, 60.0)",2.0,60.0,850.0,743,60.0,60.0,0.0,60.0,60.0,850.0,850.0,0.0,850.0,850.0,0.02360664,0.026546355768506058,0.013737118336921091,0.010584925,0.11357558,0.032031793,0.034115390815612386,0.011909009493445708,0.019573417,0.106944285,-0.007858584,-0.007569035009158816,0.007476787980043622,-0.039972477,0.04118606,0.7552118865402598,0.7760907435326334,0.19673234801096973,0.3701999900929145,1.945209048307833,-16.269658347274977,-16.080632299075432,1.4732903125469725,-19.75312202442083,-9.447150453360535,-14.944187487347058,-14.849902770271573,1.1540263075202346,-17.08333361134606,-9.7084241739587,-1.2193118312491933,-1.230729528803858,1.0542828902565302,-4.31563597171878,2.889662810646934,-15.651545989446827,-15.465267534673501,1.2137966998533394,-18.0569221712802,-10.16692359551993,0.02999439,0.03016772890578735,0.006142474494031267,0.017530914,0.047332473,0.030020058,0.030343761261103632,0.0055991291598226295,0.015980259,0.054611288,-0.0002633594,-0.0001760323668546433,0.005959781278424431,-0.015779682,0.015286962,0.9913780138429826,1.0093254244916188,0.19713162840690754,0.6004703142408236,1.64752330473075,-15.229599528260744,-15.295092307233142,0.891821426696065,-17.561954308979217,-13.248408032496496,-15.225884707592574,-15.252822442024758,0.8029462168740884,-17.964161974162845,-12.627175804697696,-0.0376071681830669,-0.04226986520838635,0.8499980109098807,-2.2150845815074,2.1683156655682723,-15.250643829861565,-15.27395737462895,0.7344452923912171,-17.384331913515336,-13.367661111444784,0.028356222,0.03216440947738897,0.014997936100824883,0.0069849947,0.10474206,0.029792257,0.032822583764468366,0.015902798531189585,0.015194966,0.11997166,-0.0015196372,-0.0006581742614401076,0.010577768535462372,-0.051276755,0.0518077,0.9496658057038276,1.0083520964158736,0.31307648552338346,0.2365384131315757,3.078774148562596,-15.47351625538026,-15.254703320076418,1.5859957516145722,-21.55833916110484,-9.798788987817636,-15.258965993228797,-15.107136578529696,1.3176367012007413,-18.183002542402427,-9.209213219517869,-0.2242919919540611,-0.14756674154672153,1.2546447836354437,-6.260983210102966,4.883778312828159,-15.399143076705194,-15.180919949303055,1.316146312903477,-18.42784755605336,-9.68800507429832,0.019561823,0.023755315342395694,0.015040823888780589,0.0043768105,0.100741684,0.025007082,0.030600372383983845,0.018170644147353955,0.0070963823,0.11105834,-0.006045498,-0.006845057068892326,0.007907694800717832,-0.051699813,0.02338487,0.7749267573291132,0.7851929626911018,0.1874948254850075,0.3708536540384156,1.4555833124774475,-17.08590664832411,-16.780021187805076,1.9528124185115905,-23.588422552908767,-9.9679079185507,-16.01936979197635,-15.605792037326129,1.782512574295666,-21.489629944990508,-9.544488243004505,-1.1073934313610785,-1.1742291504789448,1.0465185807141228,-4.307974374572247,1.630370679933442,-16.62485373313193,-16.1929066125656,1.7948853514257257,-22.53902624894964,-10.158003904374723
"(850.0, 3.0, -60.0)",3.0,-60.0,850.0,708,-60.0,-60.0,0.0,-60.0,-60.0,850.0,850.0,0.0,850.0,850.0,0.025910759499999998,0.04059931625847457,0.027701282276404695,0.01355638,0.11516148,0.026022317,0.03919800120056497,0.026038393725557673,0.008624984,0.11043489,0.0007350836,0.001401314991009887,0.010366577655379973,-0.03515142,0.07234077,1.0261849544972577,1.0535796962869866,0.3768433181803649,0.5989079714474493,9.387351653796618,-15.865198965535207,-14.734319449740559,2.513221826348049,-18.678562714980217,-9.38692767993796,-15.846540418505988,-14.842065182911634,2.4508469886171365,-20.64241704297489,-9.568936978806788,0.11225633301527345,0.10774573317107657,0.9225292757055208,-2.22639906421742,9.725430870139569,-15.912456198320989,-14.7881923163261,2.4389961846812125,-18.21964633622155,-9.810752036692747,0.0259377305,0.027837789086864406,0.012821755233030174,0.0034132365,0.116621085,0.0224937295,0.023815018458474578,0.010173387202165924,0.0033164395,0.08992061,0.0037567336,0.0040227706765522606,0.006254061491680099,-0.010151286,0.052719228,1.1702550415143054,1.1977076848046508,0.27377672130018227,0.6224039717402204,2.889346150172357,-15.860681056959532,-15.80206916570016,1.3146838516015296,-24.668336228661296,-9.332229241951255,-16.479385343666593,-16.481288751736173,1.3736979876994746,-24.793279266038745,-10.461407546949326,0.6828041619419087,0.6792195860360157,0.9416679215558494,-2.059276446177737,4.607995744327381,-16.17162325876793,-16.141678958718167,1.2593789250713532,-24.73080774735002,-10.07703493001776,0.0315965805,0.05319219091525424,0.03495535185532615,0.008921478,0.14220656,0.034282283999999996,0.05760592940819209,0.03633734366687905,0.010040222,0.13950664,-0.00333029775,-0.004413738546923093,0.012591846398436022,-0.058068827,0.05569896,0.915434076707601,0.9253794341862063,0.16835474512307827,0.3939355718690407,1.8212325164301209,-15.003600667184958,-13.606657500491709,2.66958133030598,-20.495631938255624,-8.47080355219653,-14.649302676468784,-13.198147646308744,2.570886720140124,-19.98256695754692,-8.554051271547818,-0.38372931431135004,-0.40850985418296676,0.7945214888079469,-4.045748011572501,2.603653956370911,-14.915760641241729,-13.402402573400229,2.5904141376257113,-20.239099447901275,-8.966617490934379,0.023037086499999998,0.032503128060734465,0.02587921717905248,0.002400411,0.12654874,0.028464496,0.038500873005932204,0.027361732892594415,0.0026397512,0.13072382,-0.005631472,-0.005997744889663841,0.008964285796184591,-0.06297779,0.045139246,0.8106151287030501,0.8309470494543475,0.16382108493061642,0.4820821086984248,1.6153659497572646,-16.37572471150113,-15.701899914786678,2.3515608411297966,-26.19714380674933,-8.977421839025135,-15.456964995716014,-14.817189325987645,2.1440044209591904,-25.784370066775978,-8.836452725760044,-0.9118532624878277,-0.8847105887990319,0.8307647522876888,-3.16878985970825,2.082709241671606,-15.979305442994754,-15.25954462038716,2.2115049524934194,-25.99075693676265,-9.242657286018424
"(850.0, 3.0, -45.0)",3.0,-45.0,850.0,678,-45.0,-45.0,0.0,-45.0,-45.0,850.0,850.0,0.0,850.0,850.0,0.022676009,0.03044813086135693,0.020815172852038988,0.0024408791,0.113425896,0.0205510985,0.027309898184955758,0.019376839459537932,0.0029782844,0.10175833,0.0023926306,0.0031382327030833337,0.008304731836586988,-0.036965925,0.043510713,1.1116659358981793,1.1572689171093358,0.2860031406198388,0.5143267904832554,2.2926697336355515,-16.444335132678514,-15.827465293282694,2.177632519455826,-26.124537272459104,-9.452877830053,-16.87164961402516,-16.335559394591222,2.225096078299002,-25.260338364151785,-9.924300245019138,0.4597426753011167,0.5080941013085274,1.0427731991613631,-2.8876085333364383,3.603414977489415,-16.710194409273555,-16.081512343936957,2.138860441334184,-25.692437818305443,-9.88383931867408,0.023912856500000003,0.025976237073008855,0.012909616748400288,0.0074160695,0.108683355,0.0252200105,0.02700927602212389,0.01185283033650635,0.010604497,0.10182895,-0.0012106402,-0.0010330389381469028,0.0058363009929524165,-0.032335218,0.04602481,0.9523572548135149,0.9679334296643594,0.19414723498541106,0.4777450508984556,1.7811861515798195,-16.21368563769277,-16.134922594836034,1.3789226775262382,-21.298262083323472,-9.638369629832065,-15.982548022028723,-15.907257390245835,1.2159868512906498,-19.745099245265504,-9.921287443591554,-0.21200154868778215,-0.22766520459020317,0.8691999331013682,-3.2080380319354163,2.507093099105239,-16.116118698143968,-16.021089992540933,1.2252137591571857,-19.745474968600178,-10.128882394728352,0.029108350999999998,0.046994926183038355,0.029834634332540196,0.002844091,0.1214539,0.03390459,0.056581327568731556,0.03672338901288862,0.0026316596,0.13954146,-0.00622463415,-0.00958640134100295,0.012870599495488001,-0.064067066,0.023614004,0.8491834182530182,0.8521332496017668,0.1585814877921156,0.4393806738901107,1.5118628565170609,-15.35982741741029,-14.098060470519021,2.6187933118383158,-25.46056505831734,-9.15588522095164,-14.697415070851344,-13.32738720855772,2.6693318184266905,-25.797702831787618,-8.552967309530931,-0.7099849559170819,-0.770673261961301,0.8171636768007595,-3.571590493603434,1.7951239742247989,-15.154935768376241,-13.71272383953837,2.6124253606230505,-25.62913394505248,-9.193175595589386,0.0275336875,0.03881421002728614,0.024033193128174927,0.008781978,0.10578565,0.030077445,0.04736698399188791,0.031976604825111214,0.009064501,0.12525806,-0.005466805,-0.00855277396991357,0.013995356660025828,-0.07574831,0.022948511,0.8512467426702526,0.8748831854415905,0.23796640193448973,0.2999416432408583,2.336634109480785,-15.60135793563238,-14.817541494950884,2.383189048398998,-20.564076586476297,-9.755732287764946,-15.217590675971364,-14.086962094766022,2.5819687708502324,-20.42656091480528,-9.021943248041778,-0.699445377665433,-0.730579400184861,1.1391611632188938,-5.229632335462494,3.685907121156026,-15.524985709724918,-14.452251794858451,2.4183991291928693,-20.495318750640788,-9.40872018975951
"(850.0, 3.0, -30.0)",3.0,-30.0,850.0,710,-30.0,-30.0,0.0,-30.0,-30.0,850.0,850.0,0.0,850.0,850.0,0.029433758,0.03134510012957747,0.010899292418601297,0.004806295,0.10432029,0.018668187500000002,0.020449033390422533,0.010290892360090887,0.0060996357,0.09455612,0.0109652625,0.010896066713633804,0.005973781774289313,-0.043399364,0.033140764,1.5755140260968354,1.6261105629681174,0.3881925953592232,0.5327128309609706,3.09686125756444,-15.311542902917665,-15.214669274463214,1.1572292427345874,-23.18189573199292,-9.816312238674774,-17.288978392201397,-17.20689274689321,1.494964047059852,-22.146960998255963,-10.243103429968489,1.9742227000482213,1.992223472429993,1.0181854711908014,-2.735068426311388,4.909217489860362,-16.308745726994637,-16.21078101067821,1.2360716393821238,-22.66442836512444,-10.449395155058546,0.0246198665,0.03310812493732394,0.022025765686001425,0.0070758425,0.107821345,0.0267555425,0.03531256769507043,0.02247442187216405,0.007640594,0.111744374,-0.0021809135,-0.0022044427658467606,0.009113066074332519,-0.05116929,0.035800807,0.9212472026852474,0.949334395484058,0.20673502875556163,0.4790440904552306,1.8444556278048023,-16.087143354910534,-15.4491122248925,2.1584273315240505,-21.50221844327479,-9.672952536066788,-15.725864144266676,-15.124587680792978,2.0906586075898095,-21.168728682769352,-9.517743329463553,-0.35623817831123006,-0.3245245440995202,0.9233275579692551,-3.1962451296182763,2.658682118507194,-15.959993477299566,-15.286849952842738,2.0740534068951417,-20.676383024428937,-9.873027822536184,0.0280058355,0.035677593135211266,0.02247272668568262,0.004970503,0.11555381,0.031162259999999997,0.040571207156338024,0.02690480398005919,0.005686888,0.13363881,-0.0037615327,-0.004893614046926761,0.00891348746810659,-0.049928337,0.029086038,0.8822315092043008,0.9003710575959175,0.16020925694717736,0.533365222856445,1.600643981568389,-15.527514658060973,-15.01355982447686,1.9276163538001705,-23.035996561909005,-9.372157260566496,-15.063710527739762,-14.490364443701129,1.9610783454438403,-22.451253243416936,-8.74067386934604,-0.5441745717327642,-0.5231953807757338,0.7647197354791914,-2.7297530510919383,2.0429474602856423,-15.351181381942496,-14.751962134088993,1.9064541625083635,-22.74362490266297,-9.144418682926307,0.0315864255,0.03436179789295774,0.0147619184118652,0.005482117,0.110082045,0.030762834,0.034905548433802815,0.019149634898698316,0.0025299296,0.13108863,0.00047631841499999996,-0.0005437505117647887,0.00976464886907831,-0.055082045,0.025990464,1.0175808416053753,1.0714911286943911,0.5114499683179927,0.4850667070134878,7.983778335905733,-15.004995965798123,-14.896859242177763,1.3765215172596048,-22.61051685611049,-9.58283510338886,-15.119736856363271,-14.966377919767627,1.7311026316649685,-25.96891559267353,-8.82434977400533,0.07568919384711935,0.06951867758986378,1.2712709228045729,-3.141985325184269,9.022084705817072,-15.115293316597466,-14.931618580972696,1.4288916910059823,-21.457873239765,-9.519680640923584
"(850.0, 3.0, -15.0)",3.0,-15.0,850.0,750,-15.0,-15.0,0.0,-15.0,-15.0,850.0,850.0,0.0,850.0,850.0,0.025256441,0.03137209802333333,0.020344858571673542,0.006022008,0.113958456,0.03065509,0.03591783404933333,0.017667107159102906,0.008461249,0.110545725,-0.0049573462,-0.004545735990062667,0.008846681607079156,-0.04103185,0.049585864,0.8388766855491605,0.8551756568175511,0.1890607845398797,0.4197262847377498,1.77906233009032,-15.976278512509914,-15.560831602726232,1.8786309704340507,-22.202586620057883,-9.432534449965186,-15.13497408398847,-14.783525003719973,1.5439999413065455,-20.725655210435,-9.564580491496288,-0.763018836067209,-0.7773065990062553,0.9130706811820201,-3.770338328503666,2.5019116401810333,-15.578634386187158,-15.172178303223104,1.6577607045969422,-21.46412091524644,-9.734206378533488,0.023069324000000002,0.03259164377133333,0.023827563746815408,0.010257512,0.1117833,0.0294809895,0.03866210685733334,0.022968748187756575,0.012009115,0.117153466,-0.0064494982499999996,-0.0060704630692373345,0.009146926476529682,-0.05793158,0.038234673,0.7949500838224229,0.8180980222563621,0.19108812627738242,0.3976628020351888,1.5865162670421964,-16.36965137150846,-15.663722059603625,2.3893419193664576,-19.88957952233806,-9.51623060643696,-15.304579574317211,-14.678995515893902,2.0197325650687414,-19.204889977957173,-9.312448591512672,-0.99660187861992,-0.9847265437097218,0.9845251706169249,-4.004850316488984,2.004445294191644,-15.900250454902453,-15.171358787748764,2.156806613520529,-19.282009832451124,-9.72407231921984,0.0289635035,0.04608167239693334,0.031787791050806063,0.0041252184,0.12837946,0.033294202999999994,0.05213342983693334,0.035068714543900203,0.004883121,0.14371312,-0.00486130265,-0.006051757428033333,0.011300317317835576,-0.05447703,0.052736,0.8707923760402958,0.8935179217718616,0.1834102238933958,0.4533846718775423,1.946996041853799,-15.381489781619988,-14.23084053576288,2.6134308167874662,-23.84553056563119,-8.915044413716153,-14.776313807754633,-13.655962121986416,2.558016585649191,-23.11302534662679,-8.425035921485453,-0.6008541650779948,-0.574878413776464,0.857409635027075,-3.435331666530667,2.8936506862583453,-15.175191928269506,-13.94340132887465,2.5500876304033278,-23.35189184574122,-8.893359929116983,0.023545184,0.03389450936266667,0.026454685746167432,0.0057961857,0.12742466,0.032432841500000004,0.044202583782666664,0.028146899150742886,0.006991179,0.13275823,-0.0093019725,-0.010308074431053332,0.011352116927739554,-0.07085701,0.043271787,0.7276196025337529,0.7417494829241382,0.17896336731662382,0.2926989013912602,1.529820844842413,-16.280979112423843,-15.603156288224215,2.563057522441296,-22.368577092433604,-8.947465255871686,-14.89015060959933,-14.177485419305066,2.1576579111924126,-21.554495660539143,-8.769385465507735,-1.3809561164349837,-1.4256708689191486,1.071403355085026,-5.335789075886126,1.8464057418574955,-15.658733828576144,-14.89032085376464,2.307682706789473,-21.776784696370285,-9.32604523833067
"(850.0, 3.0, 0.0)",3.0,0.0,850.0,750,0.0,0.0,0.0,0.0,0.0,850.0,850.0,0.0,850.0,850.0,0.022372292000000002,0.022297887555333337,0.0037515620276462134,0.010310829,0.035162464,0.0295694185,0.029292594445333334,0.003832837922076416,0.019047419,0.039022848,-0.00724426375,-0.0069947068881672,0.0047544642196968665,-0.018423893,0.012274716,0.7586064594604394,0.7715344431138638,0.1547753269064745,0.3915308677523363,1.57786349833899,-16.50289579836673,-16.58241357079087,0.7672318684992155,-19.867064288363203,-14.53920702118265,-15.291572264854988,-15.371003957201792,0.5857691282151031,-17.201638734940154,-14.08681037597767,-1.199835643356404,-1.211409613589077,0.8592118296371467,-4.072339930376051,1.980694295059246,-15.935788059784805,-15.976708763996331,0.5303997207373283,-18.053416105723063,-14.408800169565584,0.0226909675,0.02271620853533333,0.004076255288207266,0.009616032,0.036442243,0.027182097500000002,0.027095716386666666,0.004177208903135153,0.012724852,0.03869605,-0.0043625906499999995,-0.004379507846551333,0.004632554348766326,-0.017002488,0.013795584,0.8357776122298506,0.8502865630794861,0.16789744678735868,0.468042243520272,1.7396078696733237,-16.441470349466066,-16.51029632161415,0.8150243227218649,-20.170040890944488,-14.383949054887298,-15.657170334232138,-15.72456088859844,0.6915157365333916,-18.95347253647948,-14.123333572198884,-0.7790927610928513,-0.7857354330157118,0.8385090074540689,-3.29714947538098,2.404513636813021,-16.061068143710106,-16.117428605106294,0.628852122009121,-19.42736617689067,-14.49359465158695,0.051940261,0.06262834932133333,0.025137161503526434,0.01856573,0.13675922,0.048776909,0.060022209288,0.025832064610857533,0.019996896,0.13335428,0.0025986135000000002,0.0026061400035741335,0.010654045016144543,-0.044543833,0.05521316,1.0532940005878402,1.0651057434905027,0.16818381057326806,0.6041094088017568,1.70286689195564,-12.84495876922351,-12.31582280926112,1.4918452893262013,-17.312879870248988,-8.6404337990978,-13.117858200028913,-12.536044527562936,1.5717559476765683,-16.990374036625006,-8.74993052747313,0.2254960426342052,0.22022171830181841,0.6847012267303978,-2.188844002144256,2.311807017835534,-13.048880760468018,-12.425933668412029,1.49358816971051,-17.151626953436995,-8.833849364877523,0.02081172,0.0274003495152,0.019912183587654852,0.006164873,0.11859473,0.028643245,0.037781176342666666,0.025996270148669353,0.010935616,0.13923383,-0.008407584499999999,-0.010380826787772001,0.011107900056899014,-0.06716038,0.028804809,0.7233213976701305,0.7331565353876961,0.17349058930188396,0.2277229378142643,1.4312097244587738,-16.816920328823496,-16.325878132581327,2.2101051049892333,-22.10075864298046,-9.259346151268131,-15.429778904300644,-14.853843129143796,2.056339174098217,-19.611567582197,-8.562552377733907,-1.4066868773746855,-1.4720350034375334,1.0540648243143882,-6.425932220036456,1.5570327841939091,-16.20248369822074,-15.589860630862562,2.0685223043397376,-19.56667590655964,-9.234034976071596
"(850.0, 3.0, 15.0)",3.0,15.0,850.0,750,15.0,15.0,0.0,15.0,15.0,850.0,850.0,0.0,850.0,850.0,0.025256441,0.03137209802333333,0.020344858571673542,0.006022008,0.113958456,0.03065509,0.03591783404933333,0.017667107159102906,0.008461249,0.110545725,-0.0049573462,-0.004545735990062667,0.008846681607079156,-0.04103185,0.049585864,0.8388766855491605,0.8551756568175511,0.1890607845398797,0.4197262847377498,1.77906233009032,-15.976278512509914,-15.560831602726232,1.8786309704340507,-22.202586620057883,-9.432534449965186,-15.13497408398847,-14.783525003719973,1.5439999413065455,-20.725655210435,-9.564580491496288,-0.763018836067209,-0.7773065990062553,0.9130706811820201,-3.770338328503666,2.5019116401810333,-15.578634386187158,-15.172178303223104,1.6577607045969422,-21.46412091524644,-9.734206378533488,0.023069324000000002,0.03259164377133333,0.023827563746815408,0.010257512,0.1117833,0.0294809895,0.03866210685733334,0.022968748187756575,0.012009115,0.117153466,-0.0064494982499999996,-0.0060704630692373345,0.009146926476529682,-0.05793158,0.038234673,0.7949500838224229,0.8180980222563621,0.19108812627738242,0.3976628020351888,1.5865162670421964,-16.36965137150846,-15.663722059603625,2.3893419193664576,-19.88957952233806,-9.51623060643696,-15.304579574317211,-14.678995515893902,2.0197325650687414,-19.204889977957173,-9.312448591512672,-0.99660187861992,-0.9847265437097218,0.9845251706169249,-4.004850316488984,2.004445294191644,-15.900250454902453,-15.171358787748764,2.156806613520529,-19.282009832451124,-9.72407231921984,0.0289635035,0.04608167239693334,0.031787791050806063,0.0041252184,0.12837946,0.033294202999999994,0.05213342983693334,0.035068714543900203,0.004883121,0.14371312,-0.00486130265,-0.006051757428033333,0.011300317317835576,-0.05447703,0.052736,0.8707923760402958,0.8935179217718616,0.1834102238933958,0.4533846718775423,1.946996041853799,-15.381489781619988,-14.23084053576288,2.6134308167874662,-23.84553056563119,-8.915044413716153,-14.776313807754633,-13.655962121986416,2.558016585649191,-23.11302534662679,-8.425035921485453,-0.6008541650779948,-0.574878413776464,0.857409635027075,-3.435331666530667,2.8936506862583453,-15.175191928269506,-13.94340132887465,2.5500876304033278,-23.35189184574122,-8.893359929116983,0.023545184,0.03389450936266667,0.026454685746167432,0.0057961857,0.12742466,0.032432841500000004,0.044202583782666664,0.028146899150742886,0.006991179,0.13275823,-0.0093019725,-0.010308074431053332,0.011352116927739554,-0.07085701,0.043271787,0.7276196025337529,0.7417494829241382,0.17896336731662382,0.2926989013912602,1.529820844842413,-16.280979112423843,-15.603156288224215,2.563057522441296,-22.368577092433604,-8.947465255871686,-14.89015060959933,-14.177485419305066,2.1576579111924126,-21.554495660539143,-8.769385465507735,-1.3809561164349837,-1.4256708689191486,1.071403355085026,-5.335789075886126,1.8464057418574955,-15.658733828576144,-14.89032085376464,2.307682706789473,-21.776784696370285,-9.32604523833067
"(850.0, 3.0, 30.0)",3.0,30.0,850.0,710,30.0,30.0,0.0,30.0,30.0,850.0,850.0,0.0,850.0,850.0,0.029433758,0.03134510012957747,0.010899292418601297,0.004806295,0.10432029,0.018668187500000002,0.020449033390422533,0.010290892360090887,0.0060996357,0.09455612,0.0109652625,0.010896066713633804,0.005973781774289313,-0.043399364,0.033140764,1.5755140260968354,1.6261105629681174,0.3881925953592232,0.5327128309609706,3.09686125756444,-15.311542902917665,-15.214669274463214,1.1572292427345874,-23.18189573199292,-9.816312238674774,-17.288978392201397,-17.20689274689321,1.494964047059852,-22.146960998255963,-10.243103429968489,1.9742227000482213,1.992223472429993,1.0181854711908014,-2.735068426311388,4.909217489860362,-16.308745726994637,-16.21078101067821,1.2360716393821238,-22.66442836512444,-10.449395155058546,0.0246198665,0.03310812493732394,0.022025765686001425,0.0070758425,0.107821345,0.0267555425,0.03531256769507043,0.02247442187216405,0.007640594,0.111744374,-0.0021809135,-0.0022044427658467606,0.009113066074332519,-0.05116929,0.035800807,0.9212472026852474,0.949334395484058,0.20673502875556163,0.4790440904552306,1.8444556278048023,-16.087143354910534,-15.4491122248925,2.1584273315240505,-21.50221844327479,-9.672952536066788,-15.725864144266676,-15.124587680792978,2.0906586075898095,-21.168728682769352,-9.517743329463553,-0.35623817831123006,-0.3245245440995202,0.9233275579692551,-3.1962451296182763,2.658682118507194,-15.959993477299566,-15.286849952842738,2.0740534068951417,-20.676383024428937,-9.873027822536184,0.0280058355,0.035677593135211266,0.02247272668568262,0.004970503,0.11555381,0.031162259999999997,0.040571207156338024,0.02690480398005919,0.005686888,0.13363881,-0.0037615327,-0.004893614046926761,0.00891348746810659,-0.049928337,0.029086038,0.8822315092043008,0.9003710575959175,0.16020925694717736,0.533365222856445,1.600643981568389,-15.527514658060973,-15.01355982447686,1.9276163538001705,-23.035996561909005,-9.372157260566496,-15.063710527739762,-14.490364443701129,1.9610783454438403,-22.451253243416936,-8.74067386934604,-0.5441745717327642,-0.5231953807757338,0.7647197354791914,-2.7297530510919383,2.0429474602856423,-15.351181381942496,-14.751962134088993,1.9064541625083635,-22.74362490266297,-9.144418682926307,0.0315864255,0.03436179789295774,0.0147619184118652,0.005482117,0.110082045,0.030762834,0.034905548433802815,0.019149634898698316,0.0025299296,0.13108863,0.00047631841499999996,-0.0005437505117647887,0.00976464886907831,-0.055082045,0.025990464,1.0175808416053753,1.0714911286943911,0.5114499683179927,0.4850667070134878,7.983778335905733,-15.004995965798123,-14.896859242177763,1.3765215172596048,-22.61051685611049,-9.58283510338886,-15.119736856363271,-14.966377919767627,1.7311026316649685,-25.96891559267353,-8.82434977400533,0.07568919384711935,0.06951867758986378,1.2712709228045729,-3.141985325184269,9.022084705817072,-15.115293316597466,-14.931618580972696,1.4288916910059823,-21.457873239765,-9.519680640923584
"(850.0, 3.0, 45.0)",3.0,45.0,850.0,678,45.0,45.0,0.0,45.0,45.0,850.0,850.0,0.0,850.0,850.0,0.022676009,0.03044813086135693,0.020815172852038988,0.0024408791,0.113425896,0.0205510985,0.027309898184955758,0.019376839459537932,0.0029782844,0.10175833,0.0023926306,0.0031382327030833337,0.008304731836586988,-0.036965925,0.043510713,1.1116659358981793,1.1572689171093358,0.2860031406198388,0.5143267904832554,2.2926697336355515,-16.444335132678514,-15.827465293282694,2.177632519455826,-26.124537272459104,-9.452877830053,-16.87164961402516,-16.335559394591222,2.225096078299002,-25.260338364151785,-9.924300245019138,0.4597426753011167,0.5080941013085274,1.0427731991613631,-2.8876085333364383,3.603414977489415,-16.710194409273555,-16.081512343936957,2.138860441334184,-25.692437818305443,-9.88383931867408,0.023912856500000003,0.025976237073008855,0.012909616748400288,0.0074160695,0.108683355,0.0252200105,0.02700927602212389,0.01185283033650635,0.010604497,0.10182895,-0.0012106402,-0.0010330389381469028,0.0058363009929524165,-0.032335218,0.04602481,0.9523572548135149,0.9679334296643594,0.19414723498541106,0.4777450508984556,1.7811861515798195,-16.21368563769277,-16.134922594836034,1.3789226775262382,-21.298262083323472,-9.638369629832065,-15.982548022028723,-15.907257390245835,1.2159868512906498,-19.745099245265504,-9.921287443591554,-0.21200154868778215,-0.22766520459020317,0.8691999331013682,-3.2080380319354163,2.507093099105239,-16.116118698143968,-16.021089992540933,1.2252137591571857,-19.745474968600178,-10.128882394728352,0.029108350999999998,0.046994926183038355,0.029834634332540196,0.002844091,0.1214539,0.03390459,0.056581327568731556,0.03672338901288862,0.0026316596,0.13954146,-0.00622463415,-0.00958640134100295,0.012870599495488001,-0.064067066,0.023614004,0.8491834182530182,0.8521332496017668,0.1585814877921156,0.4393806738901107,1.5118628565170609,-15.35982741741029,-14.098060470519021,2.6187933118383158,-25.46056505831734,-9.15588522095164,-14.697415070851344,-13.32738720855772,2.6693318184266905,-25.797702831787618,-8.552967309530931,-0.7099849559170819,-0.770673261961301,0.8171636768007595,-3.571590493603434,1.7951239742247989,-15.154935768376241,-13.71272383953837,2.6124253606230505,-25.62913394505248,-9.193175595589386,0.0275336875,0.03881421002728614,0.024033193128174927,0.008781978,0.10578565,0.030077445,0.04736698399188791,0.031976604825111214,0.009064501,0.12525806,-0.005466805,-0.00855277396991357,0.013995356660025828,-0.07574831,0.022948511,0.8512467426702526,0.8748831854415905,0.23796640193448973,0.2999416432408583,2.336634109480785,-15.60135793563238,-14.817541494950884,2.383189048398998,-20.564076586476297,-9.755732287764946,-15.217590675971364,-14.086962094766022,2.5819687708502324,-20.42656091480528,-9.021943248041778,-0.699445377665433,-0.730579400184861,1.1391611632188938,-5.229632335462494,3.685907121156026,-15.524985709724918,-14.452251794858451,2.4183991291928693,-20.495318750640788,-9.40872018975951
"(850.0, 3.0, 60.0)",3.0,60.0,850.0,708,60.0,60.0,0.0,60.0,60.0,850.0,850.0,0.0,850.0,850.0,0.025910759499999998,0.04059931625847457,0.027701282276404695,0.01355638,0.11516148,0.026022317,0.03919800120056497,0.026038393725557673,0.008624984,0.11043489,0.0007350836,0.001401314991009887,0.010366577655379973,-0.03515142,0.07234077,1.0261849544972577,1.0535796962869866,0.3768433181803649,0.5989079714474493,9.387351653796618,-15.865198965535207,-14.734319449740559,2.513221826348049,-18.678562714980217,-9.38692767993796,-15.846540418505988,-14.842065182911634,2.4508469886171365,-20.64241704297489,-9.568936978806788,0.11225633301527345,0.10774573317107657,0.9225292757055208,-2.22639906421742,9.725430870139569,-15.912456198320989,-14.7881923163261,2.4389961846812125,-18.21964633622155,-9.810752036692747,0.0259377305,0.027837789086864406,0.012821755233030174,0.0034132365,0.116621085,0.0224937295,0.023815018458474578,0.010173387202165924,0.0033164395,0.08992061,0.0037567336,0.0040227706765522606,0.006254061491680099,-0.010151286,0.052719228,1.1702550415143054,1.1977076848046508,0.27377672130018227,0.6224039717402204,2.889346150172357,-15.860681056959532,-15.80206916570016,1.3146838516015296,-24.668336228661296,-9.332229241951255,-16.479385343666593,-16.481288751736173,1.3736979876994746,-24.793279266038745,-10.461407546949326,0.6828041619419087,0.6792195860360157,0.9416679215558494,-2.059276446177737,4.607995744327381,-16.17162325876793,-16.141678958718167,1.2593789250713532,-24.73080774735002,-10.07703493001776,0.0315965805,0.05319219091525424,0.03495535185532615,0.008921478,0.14220656,0.034282283999999996,0.05760592940819209,0.03633734366687905,0.010040222,0.13950664,-0.00333029775,-0.004413738546923093,0.012591846398436022,-0.058068827,0.05569896,0.915434076707601,0.9253794341862063,0.16835474512307827,0.3939355718690407,1.8212325164301209,-15.003600667184958,-13.606657500491709,2.66958133030598,-20.495631938255624,-8.47080355219653,-14.649302676468784,-13.198147646308744,2.570886720140124,-19.98256695754692,-8.554051271547818,-0.38372931431135004,-0.40850985418296676,0.7945214888079469,-4.045748011572501,2.603653956370911,-14.915760641241729,-13.402402573400229,2.5904141376257113,-20.239099447901275,-8.966617490934379,0.023037086499999998,0.032503128060734465,0.02587921717905248,0.002400411,0.12654874,0.028464496,0.038500873005932204,0.027361732892594415,0.0026397512,0.13072382,-0.005631472,-0.005997744889663841,0.008964285796184591,-0.06297779,0.045139246,0.8106151287030501,0.8309470494543475,0.16382108493061642,0.4820821086984248,1.6153659497572646,-16.37572471150113,-15.701899914786678,2.3515608411297966,-26.19714380674933,-8.977421839025135,-15.456964995716014,-14.817189325987645,2.1440044209591904,-25.784370066775978,-8.836452725760044,-0.9118532624878277,-0.8847105887990319,0.8307647522876888,-3.16878985970825,2.082709241671606,-15.979305442994754,-15.25954462038716,2.2115049524934194,-25.99075693676265,-9.242657286018424
"(850.0, 4.0, -60.0)",4.0,-60.0,850.0,695,-60.0,-60.0,0.0,-60.0,-60.0,850.0,850.0,0.0,850.0,850.0,0.028405702,0.029913066831654678,0.010956222780256155,0.010934406,0.10352248,0.02419004,0.02584703195467626,0.01258047235198026,0.003982068,0.11072446,0.0040868297,0.00406603488848777,0.0075402155537027645,-0.061100423,0.07414644,1.1625883587629524,1.2525602221774426,0.7826152067843134,0.4434318451135058,19.62008394364474,-15.465944773191625,-15.411347013919885,1.084514894615352,-19.612048061156525,-9.849653344773772,-16.16363408001479,-16.172628117280897,1.4750525757389288,-23.9989132357752,-9.55756442379068,0.6542596997718135,0.7612811033610131,1.1648161196359585,-3.531731211492186,12.927008611628278,-15.830252119645014,-15.791987565600394,1.1561908063885284,-18.888135828464048,-10.228113200773745,0.028744288,0.03316445458043166,0.018555327256281815,0.0076603494,0.123993374,0.025574133,0.028773998893956834,0.014413524134849396,0.0070294053,0.106625974,0.00327692,0.004390455659491367,0.008025859121349907,-0.027815,0.058816433,1.1254206969275256,1.1636338623519864,0.23466923627509947,0.6575580910973363,2.175342839169321,-15.414484475941835,-15.159775974385822,1.54692293977978,-21.157514230036107,-9.066015207635356,-15.92199083953295,-15.734906545018983,1.5131302133875026,-21.5308141362312,-9.72136987911006,0.5131489775294931,0.5751305706331625,0.8421596209000576,-1.8206587395339169,3.3752771253774814,-15.697796849887284,-15.447341259702403,1.4710399740907385,-21.34416418313365,-9.436067996783066,0.028833423,0.0330338012676259,0.018501732910716353,0.015242643,0.132207,0.028185073,0.03311317113093525,0.01986169042080011,0.008675661,0.13281336,1.4845282e-05,-7.936989003597123e-05,0.007384601205231161,-0.044543825,0.032790013,1.000552617393265,1.0309221581196792,0.2192272080934638,0.546127559295943,1.7884487096076087,-15.401037995255958,-15.159347020697336,1.4926909468668803,-18.169397297837648,-8.787455291107602,-15.499808315826115,-15.196147747857644,1.5891523498126146,-20.61697429362788,-8.767582221368608,0.0023993241135329,0.03680072716030918,0.9099442305483666,-2.6270590703611028,2.524764896737309,-15.454096482663036,-15.177747384277492,1.4730125937036591,-19.39318579573276,-9.052827538364276,0.030449228,0.056128678912230216,0.03740363808316589,0.012472113,0.13635121,0.034253024,0.06087401974100719,0.03938621157707452,0.008079114,0.14221638,-0.00360821,-0.004745340918286618,0.012260750507655148,-0.06746376,0.03514597,0.9224848912454782,0.9324190086529017,0.20951105415915877,0.4010133468859658,1.7616755174805718,-15.164237086883638,-13.534243970762756,3.0030129330204347,-19.040599746976863,-8.653409946044238,-14.653010866535352,-13.118890436729732,2.9115157772086135,-20.926362437857136,-8.470503666881488,-0.3504073812078605,-0.4153535340330241,0.9964752197583292,-3.9684117252854776,2.4592591889373843,-15.142851631724657,-13.326567203746244,2.915349838786631,-19.69673284338845,-8.844312940976206
"(850.0, 4.0, -45.0)",4.0,-45.0,850.0,664,-45.0,-45.0,0.0,-45.0,-45.0,850.0,850.0,0.0,850.0,850.0,0.028902016000000003,0.032588554188253016,0.013441675376594001,0.006004782,0.10053897,0.0366494775,0.04376345563704819,0.022322918163408655,0.006330707,0.13202447,-0.008747979,-0.011174901464501504,0.01242274000274009,-0.08430061,0.010252621,0.7693199194924695,0.7836507254304058,0.16448002216185542,0.3456361927833182,1.4954721596645977,-15.390718682918045,-15.129709269489751,1.401894267045877,-22.21502759916236,-9.97665572481093,-14.359322229435685,-13.975393316375328,1.6885990553330148,-21.98547778536204,-8.793455771643385,-1.1389305578571483,-1.1543159531144254,0.9175256526884012,-4.613807872971337,1.747783324488516,-14.891335912610606,-14.552551292932543,1.4825227897029127,-22.1002526922622,-9.653056051940418,0.0353764145,0.06395089182003012,0.038600241926197,0.006024972,0.13814458,0.050991252,0.06296810873900602,0.02502997539007391,0.0069071027,0.11589308,-0.0058695095,0.0009827830683121984,0.01855981433347819,-0.032919064,0.052812696,0.8682811587229023,0.9384700710655971,0.30254891667017453,0.433707168634019,1.9689118216125607,-14.51292097748668,-12.871354893008908,2.9411203368326366,-22.200449619373263,-8.59666141740693,-12.925054113815317,-12.37397887286358,1.8233524450382614,-21.60704089490571,-9.35942491960196,-0.6133982611992321,-0.49737602014532833,1.3882345777167038,-3.62803399431936,2.942262665514468,-14.034809557261301,-12.622666882936246,2.3464020705298347,-21.903745257139484,-9.284297176470243,0.029718097,0.03868220205135542,0.026056145382693033,0.0039028926,0.123708025,0.029982902,0.04059511238328313,0.02941167005530108,0.002278244,0.14125694,-0.00068167505,-0.0019129103232135543,0.01043091886281915,-0.04538499,0.040500693,0.9802915640511236,1.0202622182766374,0.3766093376054082,0.3267618061293704,5.151672923486299,-15.269790004684253,-14.770355472826957,2.1468606748403247,-24.086134013707763,-9.07602127888885,-15.231263473388598,-14.678167370186369,2.3885391679805097,-26.42399785586268,-8.499901956658904,-0.0864494591336129,-0.09218810264058795,1.1609643522069042,-4.857687120657271,7.119482821771477,-15.377536097184523,-14.724261421506663,2.195473866914073,-24.47126463692534,-9.194447327736256,0.0290490695,0.041250571893825305,0.02935792843354822,0.0025224455,0.13300827,0.032578763,0.04433343511310241,0.029852307103850926,0.0049173147,0.13648468,-0.0032771090000000003,-0.003082863279119578,0.010038027658844588,-0.05516106,0.033322856,0.9088269440193006,0.9738656510146407,0.48736310692483226,0.5129721501708784,5.777769924633587,-15.368677749908231,-14.575616536676973,2.273999447113275,-25.98178205322885,-8.76121350489069,-14.870654147115191,-14.243057117326467,2.345028379132148,-23.08271992915978,-8.649160860043374,-0.4151905608870612,-0.33255941935050326,1.1470114776829636,-2.899062124069076,7.61760243915321,-15.176882073675179,-14.409336827001718,2.2374554654158367,-24.53225099119432,-9.084132090069534
"(850.0, 4.0, -30.0)",4.0,-30.0,850.0,689,-30.0,-30.0,0.0,-30.0,-30.0,850.0,850.0,0.0,850.0,850.0,0.028976511,0.04957990678708273,0.03655809121075528,0.005464474,0.1339148,0.026674911,0.04233475035965167,0.029190210096570978,0.005020968,0.11046904,0.003939489,0.007245156433725689,0.013369815453747253,-0.029177628,0.07097819,1.1327119358196602,1.1663112273256222,0.26308768214404266,0.5920043112716518,3.097089201579733,-15.37953905025386,-14.075309116923306,2.865139398079468,-22.62451619706925,-8.731714278318947,-15.738970147108905,-14.641332368320832,2.7126233961349064,-22.99212533403171,-9.567594072887305,0.5411947687616809,0.5660232513975244,0.9339326948024562,-2.276751304955827,4.90953713980873,-15.682909696040213,-14.358320742622071,2.750566698016536,-22.78554672461894,-9.421334371212142,0.029262409,0.04145996934847605,0.029777419198271527,0.0019887735,0.1315729,0.024500731,0.03415973715515239,0.023442603476036696,0.0050901645,0.107977465,0.004867349,0.007300232207382583,0.011429658327417944,-0.01996018,0.061290912,1.1932204813077354,1.2266781295489475,0.28881910456137977,0.3907090766858025,2.650266229114078,-15.336899295702208,-14.604496858303852,2.3940390415885355,-27.014146825327387,-8.808335456402377,-16.10820951167401,-15.373685013735033,2.2665581935480827,-22.9326818332519,-9.66666873549201,0.7672069930518717,0.7691881554311827,1.0179783574921597,-4.081464992075489,4.232895026373537,-15.778502329168258,-14.989090936019442,2.274925164618485,-24.973414329289643,-9.388725909916932,0.030223284,0.03760508899709724,0.021586468014889088,0.008396404,0.11959542,0.03618236,0.045247865377793905,0.026892014031410255,0.0023181627,0.1332888,-0.005471863,-0.007642776419657473,0.012127648000634622,-0.055460423,0.028005041,0.8586362397947719,0.9315898177891384,0.7252733032237693,0.168255000446773,11.462811833966908,-15.19658349068565,-14.714006341721836,1.822756584188594,-20.75906680126092,-9.222854395401946,-14.415031232876292,-14.037628300035957,2.239798368992032,-26.348560854756965,-8.75206339640626,-0.6619078553414344,-0.6763780416858811,1.4791523433373002,-7.740320198655166,10.592911633861467,-14.842904015982883,-14.375817320878895,1.9033119123703974,-21.191844604336467,-9.267253778339168,0.030034397,0.05216917475108853,0.03637804952743371,0.0022084415,0.13303664,0.032249838,0.054968536322931784,0.036902946958576786,0.0024146345,0.1363604,-0.0028279684,-0.0027993616415130625,0.011978904032425932,-0.04308249,0.09339999,0.9284950877247992,1.0017194768927455,1.409841987136082,0.4744572382835672,37.539548514294914,-15.223810858657483,-13.7909340338207,2.8149664903305545,-26.5591410100692,-8.760287216111172,-14.914724610607172,-13.502079661000021,2.749521730199317,-26.171486070980684,-8.653117115792343,-0.3222038958212536,-0.28885437282067655,1.0234109308857968,-3.23802923388258,15.744890450898142,-15.182125545479671,-13.64650684741036,2.734979078511745,-26.36531354052494,-9.000680943604383
"(850.0, 4.0, -15.0)",4.0,-15.0,850.0,703,-15.0,-15.0,0.0,-15.0,-15.0,850.0,850.0,0.0,850.0,850.0,0.027973168,0.03298521987339972,0.017725929891437852,0.014927123,0.11311301,0.027287954,0.03406254931507824,0.02031433512912685,0.008847083,0.1171327,0.00017149188,-0.0010773294103997156,0.008455994853294038,-0.037636705,0.041788213,1.0054543805987588,1.0187381140308351,0.23761089460655363,0.4591510795682682,2.4224273375219174,-15.532583526137184,-15.19082745338259,1.591711581714291,-18.26023896045082,-9.464874466300213,-15.64029018291908,-15.155883267031786,1.8273451359858968,-20.53199899987494,-9.313218421363374,0.0236237061806185,-0.03494418635080465,1.0064946786061488,-3.380443901997044,3.8425075895506655,-15.619741605825729,-15.173355360207191,1.6380201824677676,-19.3138240389798,-9.516158568488816,0.032128,0.05289367247681366,0.03659511342643864,0.003237368,0.13391286,0.033709913,0.0522691177766714,0.033676378124356574,0.007921148,0.13793874,-0.000108066946,0.00062455477629303,0.011961043552844292,-0.048832513,0.06054289,0.9979606916883604,1.0099314824198318,0.21355484545674647,0.4086993495750119,1.8842705438536724,-14.931163254939516,-13.663979582197271,2.680945925753612,-24.89807920444175,-8.731777101850389,-14.722423619694728,-13.60939395425298,2.528502212651287,-21.01211867132082,-8.603137520928222,-0.0088656462848977,-0.054585627944292406,0.9300377736943001,-3.8859605331209295,2.751432590055188,-14.89106605953804,-13.636686768225124,2.56401144361216,-22.955098937881285,-8.98346294171205,0.035849728,0.05264055549644382,0.0338917497101246,0.012610054,0.13629954,0.03383246,0.05110076990398293,0.03410731241609962,0.011639663,0.13634203,0.0018363781,0.001539785627623044,0.010800606530203533,-0.04759264,0.050435275,1.0448682562263374,1.0700855471552322,0.24965960426276565,0.5343045972789177,3.2718536485407594,-14.455141388148624,-13.520055602612471,2.384952558318939,-18.99283065885493,-8.655056237860986,-14.706664147229812,-13.706246803732954,2.475998890441761,-19.34059592794632,-8.653702321390728,0.190615352429555,0.18619120112048226,0.9601188059880456,-2.722110890132494,5.147938692610955,-14.737234431059674,-13.61315120317271,2.3830290755774377,-18.83634989536676,-8.7714336365861,0.027885485,0.041514036816500705,0.031460611573113674,0.008341103,0.138465,0.031469658,0.04526238474182077,0.03158439394836516,0.0074196495,0.13233578,-0.0036824215,-0.0037483478611705554,0.010102265014266957,-0.060895108,0.0500992,0.8880349549991449,0.9140469735086032,0.19491264139630488,0.3861188120861809,1.765811114705856,-15.54621790737546,-14.674762779906082,2.466175469752587,-20.787765230843675,-8.586599831391862,-15.021079765540076,-14.187342278215187,2.3172295444358824,-21.296166093233225,-8.783227117711338,-0.5156993908727188,-0.48742050169089496,0.9219597189578642,-4.132790385784286,2.4694424612415204,-15.357498759416984,-14.431052529060636,2.348038473654713,-21.04196566203845,-9.00492224113391
"(850.0, 4.0, 15.0)",4.0,15.0,850.0,703,15.0,15.0,0.0,15.0,15.0,850.0,850.0,0.0,850.0,850.0,0.027973168,0.03298521987339972,0.017725929891437852,0.014927123,0.11311301,0.027287954,0.03406254931507824,0.02031433512912685,0.008847083,0.1171327,0.00017149188,-0.0010773294103997156,0.008455994853294038,-0.037636705,0.041788213,1.0054543805987588,1.0187381140308351,0.23761089460655363,0.4591510795682682,2.4224273375219174,-15.532583526137184,-15.19082745338259,1.591711581714291,-18.26023896045082,-9.464874466300213,-15.64029018291908,-15.155883267031786,1.8273451359858968,-20.53199899987494,-9.313218421363374,0.0236237061806185,-0.03494418635080465,1.0064946786061488,-3.380443901997044,3.8425075895506655,-15.619741605825729,-15.173355360207191,1.6380201824677676,-19.3138240389798,-9.516158568488816,0.032128,0.05289367247681366,0.03659511342643864,0.003237368,0.13391286,0.033709913,0.0522691177766714,0.033676378124356574,0.007921148,0.13793874,-0.000108066946,0.00062455477629303,0.011961043552844292,-0.048832513,0.06054289,0.9979606916883604,1.0099314824198318,0.21355484545674647,0.4086993495750119,1.8842705438536724,-14.931163254939516,-13.663979582197271,2.680945925753612,-24.89807920444175,-8.731777101850389,-14.722423619694728,-13.60939395425298,2.528502212651287,-21.01211867132082,-8.603137520928222,-0.0088656462848977,-0.054585627944292406,0.9300377736943001,-3.8859605331209295,2.751432590055188,-14.89106605953804,-13.636686768225124,2.56401144361216,-22.955098937881285,-8.98346294171205,0.035849728,0.05264055549644382,0.0338917497101246,0.012610054,0.13629954,0.03383246,0.05110076990398293,0.03410731241609962,0.011639663,0.13634203,0.0018363781,0.001539785627623044,0.010800606530203533,-0.04759264,0.050435275,1.0448682562263374,1.0700855471552322,0.24965960426276565,0.5343045972789177,3.2718536485407594,-14.455141388148624,-13.520055602612471,2.384952558318939,-18.99283065885493,-8.655056237860986,-14.706664147229812,-13.706246803732954,2.475998890441761,-19.34059592794632,-8.653702321390728,0.190615352429555,0.18619120112048226,0.9601188059880456,-2.722110890132494,5.147938692610955,-14.737234431059674,-13.61315120317271,2.3830290755774377,-18.83634989536676,-8.7714336365861,0.027885485,0.041514036816500705,0.031460611573113674,0.008341103,0.138465,0.031469658,0.04526238474182077,0.03158439394836516,0.0074196495,0.13233578,-0.0036824215,-0.0037483478611705554,0.010102265014266957,-0.060895108,0.0500992,0.8880349549991449,0.9140469735086032,0.19491264139630488,0.3861188120861809,1.765811114705856,-15.54621790737546,-14.674762779906082,2.466175469752587,-20.787765230843675,-8.586599831391862,-15.021079765540076,-14.187342278215187,2.3172295444358824,-21.296166093233225,-8.783227117711338,-0.5156993908727188,-0.48742050169089496,0.9219597189578642,-4.132790385784286,2.4694424612415204,-15.357498759416984,-14.431052529060636,2.348038473654713,-21.04196566203845,-9.00492224113391
"(850.0, 4.0, 30.0)",4.0,30.0,850.0,689,30.0,30.0,0.0,30.0,30.0,850.0,850.0,0.0,850.0,850.0,0.028976511,0.04957990678708273,0.03655809121075528,0.005464474,0.1339148,0.026674911,0.04233475035965167,0.029190210096570978,0.005020968,0.11046904,0.003939489,0.007245156433725689,0.013369815453747253,-0.029177628,0.07097819,1.1327119358196602,1.1663112273256222,0.26308768214404266,0.5920043112716518,3.097089201579733,-15.37953905025386,-14.075309116923306,2.865139398079468,-22.62451619706925,-8.731714278318947,-15.738970147108905,-14.641332368320832,2.7126233961349064,-22.99212533403171,-9.567594072887305,0.5411947687616809,0.5660232513975244,0.9339326948024562,-2.276751304955827,4.90953713980873,-15.682909696040213,-14.358320742622071,2.750566698016536,-22.78554672461894,-9.421334371212142,0.029262409,0.04145996934847605,0.029777419198271527,0.0019887735,0.1315729,0.024500731,0.03415973715515239,0.023442603476036696,0.0050901645,0.107977465,0.004867349,0.007300232207382583,0.011429658327417944,-0.01996018,0.061290912,1.1932204813077354,1.2266781295489475,0.28881910456137977,0.3907090766858025,2.650266229114078,-15.336899295702208,-14.604496858303852,2.3940390415885355,-27.014146825327387,-8.808335456402377,-16.10820951167401,-15.373685013735033,2.2665581935480827,-22.9326818332519,-9.66666873549201,0.7672069930518717,0.7691881554311827,1.0179783574921597,-4.081464992075489,4.232895026373537,-15.778502329168258,-14.989090936019442,2.274925164618485,-24.973414329289643,-9.388725909916932,0.030223284,0.03760508899709724,0.021586468014889088,0.008396404,0.11959542,0.03618236,0.045247865377793905,0.026892014031410255,0.0023181627,0.1332888,-0.005471863,-0.007642776419657473,0.012127648000634622,-0.055460423,0.028005041,0.8586362397947719,0.9315898177891384,0.7252733032237693,0.168255000446773,11.462811833966908,-15.19658349068565,-14.714006341721836,1.822756584188594,-20.75906680126092,-9.222854395401946,-14.415031232876292,-14.037628300035957,2.239798368992032,-26.348560854756965,-8.75206339640626,-0.6619078553414344,-0.6763780416858811,1.4791523433373002,-7.740320198655166,10.592911633861467,-14.842904015982883,-14.375817320878895,1.9033119123703974,-21.191844604336467,-9.267253778339168,0.030034397,0.05216917475108853,0.03637804952743371,0.0022084415,0.13303664,0.032249838,0.054968536322931784,0.036902946958576786,0.0024146345,0.1363604,-0.0028279684,-0.0027993616415130625,0.011978904032425932,-0.04308249,0.09339999,0.9284950877247992,1.0017194768927455,1.409841987136082,0.4744572382835672,37.539548514294914,-15.223810858657483,-13.7909340338207,2.8149664903305545,-26.5591410100692,-8.760287216111172,-14.914724610607172,-13.502079661000021,2.749521730199317,-26.171486070980684,-8.653117115792343,-0.3222038958212536,-0.28885437282067655,1.0234109308857968,-3.23802923388258,15.744890450898142,-15.182125545479671,-13.64650684741036,2.734979078511745,-26.36531354052494,-9.000680943604383
"(850.0, 4.0, 45.0)",4.0,45.0,850.0,664,45.0,45.0,0.0,45.0,45.0,850.0,850.0,0.0,850.0,850.0,0.028902016000000003,0.032588554188253016,0.013441675376594001,0.006004782,0.10053897,0.0366494775,0.04376345563704819,0.022322918163408655,0.006330707,0.13202447,-0.008747979,-0.011174901464501504,0.01242274000274009,-0.08430061,0.010252621,0.7693199194924695,0.7836507254304058,0.16448002216185542,0.3456361927833182,1.4954721596645977,-15.390718682918045,-15.129709269489751,1.401894267045877,-22.21502759916236,-9.97665572481093,-14.359322229435685,-13.975393316375328,1.6885990553330148,-21.98547778536204,-8.793455771643385,-1.1389305578571483,-1.1543159531144254,0.9175256526884012,-4.613807872971337,1.747783324488516,-14.891335912610606,-14.552551292932543,1.4825227897029127,-22.1002526922622,-9.653056051940418,0.0353764145,0.06395089182003012,0.038600241926197,0.006024972,0.13814458,0.050991252,0.06296810873900602,0.02502997539007391,0.0069071027,0.11589308,-0.0058695095,0.0009827830683121984,0.01855981433347819,-0.032919064,0.052812696,0.8682811587229023,0.9384700710655971,0.30254891667017453,0.433707168634019,1.9689118216125607,-14.51292097748668,-12.871354893008908,2.9411203368326366,-22.200449619373263,-8.59666141740693,-12.925054113815317,-12.37397887286358,1.8233524450382614,-21.60704089490571,-9.35942491960196,-0.6133982611992321,-0.49737602014532833,1.3882345777167038,-3.62803399431936,2.942262665514468,-14.034809557261301,-12.622666882936246,2.3464020705298347,-21.903745257139484,-9.284297176470243,0.029718097,0.03868220205135542,0.026056145382693033,0.0039028926,0.123708025,0.029982902,0.04059511238328313,0.02941167005530108,0.002278244,0.14125694,-0.00068167505,-0.0019129103232135543,0.01043091886281915,-0.04538499,0.040500693,0.9802915640511236,1.0202622182766374,0.3766093376054082,0.3267618061293704,5.151672923486299,-15.269790004684253,-14.770355472826957,2.1468606748403247,-24.086134013707763,-9.07602127888885,-15.231263473388598,-14.678167370186369,2.3885391679805097,-26.42399785586268,-8.499901956658904,-0.0864494591336129,-0.09218810264058795,1.1609643522069042,-4.857687120657271,7.119482821771477,-15.377536097184523,-14.724261421506663,2.195473866914073,-24.47126463692534,-9.194447327736256,0.0290490695,0.041250571893825305,0.02935792843354822,0.0025224455,0.13300827,0.032578763,0.04433343511310241,0.029852307103850926,0.0049173147,0.13648468,-0.0032771090000000003,-0.003082863279119578,0.010038027658844588,-0.05516106,0.033322856,0.9088269440193006,0.9738656510146407,0.48736310692483226,0.5129721501708784,5.777769924633587,-15.368677749908231,-14.575616536676973,2.273999447113275,-25.98178205322885,-8.76121350489069,-14.870654147115191,-14.243057117326467,2.345028379132148,-23.08271992915978,-8.649160860043374,-0.4151905608870612,-0.33255941935050326,1.1470114776829636,-2.899062124069076,7.61760243915321,-15.176882073675179,-14.409336827001718,2.2374554654158367,-24.53225099119432,-9.084132090069534
"(850.0, 4.0, 60.0)",4.0,60.0,850.0,695,60.0,60.0,0.0,60.0,60.0,850.0,850.0,0.0,850.0,850.0,0.028405702,0.029913066831654678,0.010956222780256155,0.010934406,0.10352248,0.02419004,0.02584703195467626,0.01258047235198026,0.003982068,0.11072446,0.0040868297,0.00406603488848777,0.0075402155537027645,-0.061100423,0.07414644,1.1625883587629524,1.2525602221774426,0.7826152067843134,0.4434318451135058,19.62008394364474,-15.465944773191625,-15.411347013919885,1.084514894615352,-19.612048061156525,-9.849653344773772,-16.16363408001479,-16.172628117280897,1.4750525757389288,-23.9989132357752,-9.55756442379068,0.6542596997718135,0.7612811033610131,1.1648161196359585,-3.531731211492186,12.927008611628278,-15.830252119645014,-15.791987565600394,1.1561908063885284,-18.888135828464048,-10.228113200773745,0.028744288,0.03316445458043166,0.018555327256281815,0.0076603494,0.123993374,0.025574133,0.028773998893956834,0.014413524134849396,0.0070294053,0.106625974,0.00327692,0.004390455659491367,0.008025859121349907,-0.027815,0.058816433,1.1254206969275256,1.1636338623519864,0.23466923627509947,0.6575580910973363,2.175342839169321,-15.414484475941835,-15.159775974385822,1.54692293977978,-21.157514230036107,-9.066015207635356,-15.92199083953295,-15.734906545018983,1.5131302133875026,-21.5308141362312,-9.72136987911006,0.5131489775294931,0.5751305706331625,0.8421596209000576,-1.8206587395339169,3.3752771253774814,-15.697796849887284,-15.447341259702403,1.4710399740907385,-21.34416418313365,-9.436067996783066,0.028833423,0.0330338012676259,0.018501732910716353,0.015242643,0.132207,0.028185073,0.03311317113093525,0.01986169042080011,0.008675661,0.13281336,1.4845282e-05,-7.936989003597123e-05,0.007384601205231161,-0.044543825,0.032790013,1.000552617393265,1.0309221581196792,0.2192272080934638,0.546127559295943,1.7884487096076087,-15.401037995255958,-15.159347020697336,1.4926909468668803,-18.169397297837648,-8.787455291107602,-15.499808315826115,-15.196147747857644,1.5891523498126146,-20.61697429362788,-8.767582221368608,0.0023993241135329,0.03680072716030918,0.9099442305483666,-2.6270590703611028,2.524764896737309,-15.454096482663036,-15.177747384277492,1.4730125937036591,-19.39318579573276,-9.052827538364276,0.030449228,0.056128678912230216,0.03740363808316589,0.012472113,0.13635121,0.034253024,0.06087401974100719,0.03938621157707452,0.008079114,0.14221638,-0.00360821,-0.004745340918286618,0.012260750507655148,-0.06746376,0.03514597,0.9224848912454782,0.9324190086529017,0.20951105415915877,0.4010133468859658,1.7616755174805718,-15.164237086883638,-13.534243970762756,3.0030129330204347,-19.040599746976863,-8.653409946044238,-14.653010866535352,-13.118890436729732,2.9115157772086135,-20.926362437857136,-8.470503666881488,-0.3504073812078605,-0.4153535340330241,0.9964752197583292,-3.9684117252854776,2.4592591889373843,-15.142851631724657,-13.326567203746244,2.915349838786631,-19.69673284338845,-8.844312940976206
